title,link,event,,,,,,,,,,,,,,,
All power to the people,https://mirror.xyz/0xE22960e1a8079f704B0B527058F29C7cB4bb5B15/f_gfeWhc8sO9ySXC_LGPz0-YP8hH4QQ2I6VktMnF_z4,,,,,,,,,,,,,,,,
Who am I & what am I up to?,https://mirror.xyz/0x307F9e12F738d3Aa9B4373B5B68BDD7C3Dc2FCf6/kHqgC6ZJR7tKiaOwrqaXdcyXvGyZSq6-xnWk7xnSOMs,,,,,,,,,,,,,,,,
学习笔记：用Solidity编写第一个合约,https://mirror.xyz/0x320AA6E53AA01fb85DB1dA75C92aD93eAb98419b/YpU9uOuxImVWshzLHe4qHLcg_nhEczzicg6jle5b424,,,,,,,,,,,,,,,,
黑猫白猫,https://mirror.xyz/0xf21AD1a5578564408bdFDB9932d8a5820F22063B/ElF4dob86V6bNp7d1Y5Q39Vsq4UE4xRZWhkSNTQqP7Q,,,,,,,,,,,,,,,,
happystore is coming soon,https://mirror.xyz/0xf8C4D8E8bae45624c7b9d18514E61733A6411D2A/65Be-FWunbKC8xU_Xokin6HXGO6TtpusGyKxpjFElOw,,,,,,,,,,,,,,,,
Hi//,https://mirror.xyz/0x3707Bb5Af9C32fFd6923c60e7f6d5fACc0BC299B/h-DQf4r1hl35sHrnkTmcqqYInETD3V4csGMwXzYeJNU,,,,,,,,,,,,,,,,
行走笔记：博弈论视角下的算法稳定模型分析,https://mirror.xyz/0x16508F74E15d7030120BF67EBeB28B7bAeA90DE8/3p4j3Xx56CQ0fvz5Pd4a-iUXTNyis0gmFDxpQdLATEs,,,,,,,,,,,,,,,,
about art,https://mirror.xyz/0x9079BE3072c0Ce9eb2e33249bB976af4a9E068ac/EntuxMeOE89hQ6svuKSbIxcBDdI7PdVGMn3M6htvCgo,,,,,,,,,,,,,,,,
"""Mining Pi on a smartphone is a simple and easy way to watch cryptocurrency rewards accrue on a daily basis.""",https://mirror.xyz/0xDab13d338973daB9c4545D9f92D5D11cD3e1E6cD/3evfd_dl8i_1tj19StGSUjbSSVn0D0dZSo-aRqt0UR8,,,,,,,,,,,,,,,,
A feeling of entitlement,https://mirror.xyz/0x9079BE3072c0Ce9eb2e33249bB976af4a9E068ac/PESaPR10dJv3nH2SlUc8xrsqH8sR2_6wEMYqlPxoK3E,,,,,,,,,,,,,,,,
元宇宙地产是如何征服投资者的？,https://mirror.xyz/0x9f465B5006CC33559f7cAcf3eF13b2F72d118220/sQSQyCKvWWGcV5MGQ5gkyVZ622gcH_4FKfSzHzW8a-I,,,,,,,,,,,,,,,,
Effort toward quality,https://mirror.xyz/0x9079BE3072c0Ce9eb2e33249bB976af4a9E068ac/AeBbdotvuSnI0ensyMtxzOjCgL_DMPqKWHCNbfce5aw,,,,,,,,,,,,,,,,
Day Ten: Rust continued,https://mirror.xyz/0xf164161838b3b1DD8DBA320611d2a8ab993a56d7/WjQbJwTyzcg2gTpcJoPVeDAFOl42vXOF7L59y73oYck,,,,,,,,,,,,,,,,
又是美好的一天！期待加密市场的爆发！,https://mirror.xyz/0x626125D30A86D3B069dcc3A72c81E4174A4EAF90/bLGDEIFX0Nncjdq1sG36OaJ75UUU09Nbe0akk6Yz3r8,,,,,,,,,,,,,,,,
The point of maximum leverage,https://mirror.xyz/0xA79b1280649589F743FB3cAB5296b5567f3621D3/5J7YjeUKCndJbSPz0zdNYCXjt0a9P1amFj3F3_CxGCg,,,,,,,,,,,,,,,,
HyperPay研究院 | 解读借贷协议Euler协议的创新,https://mirror.xyz/0xD31623072b391CB139DECC0DcA87c18352f1dD99/uqIpcIHWkLfhb4Lx4bPNOD4OTtkuGcW9ulSH7yvlP_s,,,,,,,,,,,,,,,,
be optimistic,https://mirror.xyz/0x708DDD053E1cBE974117094f41Dede5826A2328e/xVg20BpdoFQjk_rFYaOwGSkcWxLuaVx7NJrWD-B9Xnc,,,,,,,,,,,,,,,,
"Truth is elusive, but it isn’t evasive",https://mirror.xyz/0x10b589852cADcec648a687b94F17142954FcAB3f/9mxXXr0-LcW3kDnpoJAOFgZb-2L73vFhz47SYsxt0Dg,,,,,,,,,,,,,,,,
about leadship,https://mirror.xyz/0xf593141E3A588788634263fdaB539FE2F863F839/_y8TXR5gR5LQ8Y8zTq5vwwiCrdTjj5GDfD2_9raldNg,,,,,,,,,,,,,,,,
山中杏林养智慧,https://mirror.xyz/0xc1274C62cC4BCABA5d1cf3298638a0EA8e35e1Da/lJM0T8hea_573gSwgzdLESzV2msvzAfnj_1PSDMxluE,,,,,,,,,,,,,,,,
good thoughts,https://mirror.xyz/0xef0C27aa08e54Bd0C5a890116b244Da6e7ee306A/lhLtkwnO0-WZMgsCNWRsetF1Tedb0Lu8A4te4EUYhl0,,,,,,,,,,,,,,,,
always ask,https://mirror.xyz/0x822c798ff7De0114FC405e3402A589c14B6E9A84/UYabrRriRa0kMjPPf--ETCB5utBesL-SBqqbn0tNT4I,,,,,,,,,,,,,,,,
always have a dream,https://mirror.xyz/0x10b589852cADcec648a687b94F17142954FcAB3f/bFOGuwLLy4jxWLlfmYdv-sSY1BoyUrllj_SV3jeUwXA,,,,,,,,,,,,,,,,
传统VC投资人：我为什么要去Gitcoin DAO工作,https://mirror.xyz/0x49905fA9D27D1dbD8e943586219ea8D3840700Bf/-7tZLdqLyGftffnNB_CW_2AZs69hIL1QuVLB6ZrA41I,,,,,,,,,,,,,,,,
爆发在即的赛道：十大生态30家常用跨链桥盘点,https://mirror.xyz/0x9AB76cf454Fe1D4185293ebd497AeC5E0Bfd2e43/7Q0In0EStnZBxz2BZdROImk5u02HFgSgGlYB51oq38A,,,,,,,,,,,,,,,,
good projects,https://mirror.xyz/0xeC5955dAaAd7613f856468572A0Fd5CbE3F8c551/4K_d7ytMvOvaILjBW90SMUWr7BXoInkyQ73wxRjuxyI,,,,,,,,,,,,,,,,
My first footprint in web3.0,https://mirror.xyz/0xD589a999B7F71365939bC2a96249e2B9ea315685/x4onalVdj6wLtK8Mzb48pUPoUK8vZhnX-ZtQk8NYT5A,,,,,,,,,,,,,,,,
School vs. progress,https://mirror.xyz/0x7C8d9c23586412218BA3de39b27cba3bB0A8AE3F/KIi-AaXMh4Ig8-YYw_3da3-IdYVVKptcoNxNDQJ15SQ,,,,,,,,,,,,,,,,
CronaSwap介绍,https://mirror.xyz/0x2145814E43A49844d7F03a4d00FC240C7C8e329B/xuvWuTPfvvzMPoA53_4is9RwcmuQp1kA7mnspBqoPSw,,,,,,,,,,,,,,,,
我心中的NFT-PAK,https://mirror.xyz/0x0F9F2D0E47b102Bb44C34c371346d9e08aE3eE97/yA4RaXHjkOpIlguLFi_ZxlkSF9XUibl1j03BggC39MM,,,,,,,,,,,,,,,,
CryptoPaperClip — I made this NFT and want to play a game. Let's swap it for another one!,https://mirror.xyz/0x32Fc085cF787868bbFF0f6bb90631F897d58aB81/-YoCt8eJXMttWTHY14m4UmtDHZ4w7PODK10PbehjbPk,,,,,,,,,,,,,,,,
vikrant yadav,https://mirror.xyz/0xA5d9FE417cA28864CaF1865DBf28223a4c4665A4/eVpA_RZwLW5nhDSNjrBAi4WIdumcAobVKPIDKlnSeqo,,,,,,,,,,,,,,,,
About life,https://mirror.xyz/0xE7ea3126B4Eee04F0a2497872DF2e654925724C2/r8ewq8XqvMtHv94bnPLzwptpr52-V6GbWZ07gsn3r-I,,,,,,,,,,,,,,,,
Hello World!,https://mirror.xyz/0xf3F527B70aF6012F328D3edE7fCd3F5F3Ca6CBA2/9zoQm03--kq0cqI5KV9MduU2v8SFkKytGntV7PgRGAU,,,,,,,,,,,,,,,,
錢錢往哪跑？手把手教你用鏈上數據分析工具-Footprint Analytics - SLK停損王 - Medium,https://mirror.xyz/0xb885A306bA1e91Daf4D1798998ff2aF25273ac99/bZxaR0uU4wP5LIfS-I0DinF4PNxRoWU_a_N692sUGiE,,,,,,,,,,,,,,,,
投资想法,https://mirror.xyz/0x0BaD412E72eC0Ead80BD5441F33561bA59918E04/EPK-jf0AuddujRwm1LV6PTFlKDUUE4dQQFoyg62sEJI,,,,,,,,,,,,,,,,
ETHEREUM: FINANCING THE FUTURE OF THE INTERNET,https://mirror.xyz/0xcdED4644E025E9792352CEe1B31F410Adb7c9FC6/6VHi1XYC-v2r5h9isGgO5yCUkeSWMmyr_vEclLUmOj0,,,,,,,,,,,,,,,,
"Good evening, everybody.",https://mirror.xyz/0xB871e32DA1D326592EbbFAf70588329d875a1DD9/pcNGFBsh7qybAYCsjmqVn_OhJuNGgLv8qlgx2kWBT6g,,,,,,,,,,,,,,,,
和一个刚进币圈分析师小兄弟的交流——论新人在2021年币圈的社交,https://mirror.xyz/0x41A2F513BB1433d306da5DE5a537CCa75ec9e073/sGPoqAOQs5TLCr1ntSQH2sb5bt3bXTk3xT1cJlOrBms,,,,,,,,,,,,,,,,
跨链,https://mirror.xyz/0x2145814E43A49844d7F03a4d00FC240C7C8e329B/wEQmdWL-vKY8vdCYhWQCofucTGGuothJEVipsS_LeZw,,,,,,,,,,,,,,,,
icp第一个gamefi游戏Cronic即将上线,https://mirror.xyz/0x6BC757849658C8724ea165d74a6DAADb8fFD51dd/yh3bnGXR2XsFWFjMrmf3j3og9J0vfAdu-7m1VnLRL0U,,,,,,,,,,,,,,,,
法官未审先判“他（上诉人）把我们（法官）都搞成精神病啦”,https://mirror.xyz/0xf0246bDD54bF90dbBcc30605E4649F0B416c5EeF/QGws63gI0GQvtMmZOmEklA0PfFn7t64_41UJmgnxOtc,,,,,,,,,,,,,,,,
币圈追热点和独立研究,https://mirror.xyz/0x41A2F513BB1433d306da5DE5a537CCa75ec9e073/AY_fiLPs0MtiTiFba1tTGRxRANj9wHWGf8stnlR0ccI,,,,,,,,,,,,,,,,
重新回到天涯,https://mirror.xyz/0xD45c8fFA20A0B2c5204eD356C9983594d330fA6A/WsV9l5mvC4f2RB1igfTjU-D-1B_BPD332yuOo-QhcfM,,,,,,,,,,,,,,,,
thoughts from Lakers home named after a new cryptocurrency exchange,https://mirror.xyz/0xCf6C9980cDBbc3aBDcC2ef896323FcDBb6159DF1/qEcSy-z4u9lK4RVE15Cb9qNXXIWJUjOhPSmeZAVcjZk,,,,,,,,,,,,,,,,
Schnorr 开启多签时代,https://mirror.xyz/0x8B00cEE42f226B340aF806CD7aaA4c10cc5E0154/bo67C5yIzT45np70vsN2jzSvZ_dDaqFMBPIA05OHe28,,,,,,,,,,,,,,,,
Uniswap V3 LP 净收益不及 HODLer？速览这份无常损失分析报告,https://mirror.xyz/0x121577842D4F169A07289367bF3c45cD6bF7d2C5/j_Oy5sA00OiNx1aG6klz4CddZysp1T4677moDgCJcmM,,,,,,,,,,,,,,,,
和传统游戏从业者的交流（2）对于一篇文章观点的讨论,https://mirror.xyz/0x41A2F513BB1433d306da5DE5a537CCa75ec9e073/88DZxQUhK9Zer1bLUXifMDGg6IwadWBGZM9pWdHHxfs,,,,,,,,,,,,,,,,
小鹏汽车推出官方二手车业务，并发布SUV新旗舰G9,https://mirror.xyz/0xb95370817a9C78b8eFF7cB97b73436873287a32D/UYceAWhy3zMVKVIZPBpwrD0-dB57TYjXta1PIAM0hRQ,,,,,,,,,,,,,,,,
未来几个可能的空投,https://mirror.xyz/0x48C4A0076FA39CE2f229c80751638872e66278Ce/XqAXrDbIUcY0yT3b--IWWrwauNaKpoyvXIep2EsliQo,,,,,,,,,,,,,,,,
"证监会出手：立案调查，""一字跌停""！8万股民懵了",https://mirror.xyz/0x62c0be315d417280B07FD4043f0E78d7526Ee530/XKOsWaSyZ-L5JY6tSU6MW02yKlWROii9vMRU8SLtdQU,,,,,,,,,,,,,,,,
“榨菜茅”的投资逻辑,https://mirror.xyz/0xF10bCad41df6d99A908C3a2E88081F0FEDb028Ad/coojQ0Hj-g0BHuZqmrHVHHCVwpn6HoSKgpSLN0xZ4Sw,,,,,,,,,,,,,,,,
拜登“铁拳”有效？油价已较高点回调7%,https://mirror.xyz/0x1275811219D7718bA7Bcf6561a63D8589eC10F54/lqHj-sx6vROyr5GqpVAlGNM_D9_fof9FKPrzscYW9gE,,,,,,,,,,,,,,,,
百度广告为AI输血，但重塑新的增长变量有点难,https://mirror.xyz/0x42419CaD559A52b8bD6e99A6f7AF76159218722B/dGnckFObVVTqPrVnYvZuC8Qod13Jv7-6dm8pMTJ2a3g,,,,,,,,,,,,,,,,
苹果加快造车步伐，科技巨头为何涌入电动车赛道？,https://mirror.xyz/0x109647818dd1440cdb95be132E96d3C09F43CEc1/ydzTyEK1YU7KUduMqbqGwYQmny1O9REfWy6o4o4bNnQ,,,,,,,,,,,,,,,,
韦德布什：科技股牛市将持续，纳指明年有望涨近20%,https://mirror.xyz/0x089D6fEDbFEd2cf87595abD01DABd45de45455AB/M8EuC4laUTVxpR6hDzG04BI6j1ca7d92OV-OcZ-NQYk,,,,,,,,,,,,,,,,
IMF：全球部分地区通胀恐会更持久，各国央行须保持警惕,https://mirror.xyz/0xaF75BE20b68323C49148170331622E889Ce39DC4/ZNf28QccEkec7AS0XvuEPD4QAWKivjKr0c5560CN4b0,,,,,,,,,,,,,,,,
小米成立第二家汽车公司，注册资本10亿元,https://mirror.xyz/0x14490b9fc2A2e7C52d1c096BD840cfC79285b58d/lILfOc3U5dhZ8lQuOEBUPTsmsXwJHPt7WMnczZTh_Vo,,,,,,,,,,,,,,,,
Encrypto Dairy 10,https://mirror.xyz/0xb9b6b53c1fF32BeeFd41aB71d34BC300A35B617d/fq1mJNeXcLzKlbrCm3TF9npaGeAlYb_yNEPF_i4fTKA,,,,,,,,,,,,,,,,
Win starsharks,https://mirror.xyz/0x1253c4E3856bC7f7cD443a34F7aF17ba9Ada249E/kCpwVEhWBj_7tRQfkjBkloiMRaugxCVdm0KTh1CKXDk,,,,,,,,,,,,,,,,
三季报哀鸿遍野，京东扛住了,https://mirror.xyz/0x58C775af9296d634F02ec9A18198906DF84Fb43B/EcWLDaEKITCbv79vkuuTsK_w1T1HiUktfWSNB7IyYpk,,,,,,,,,,,,,,,,
锂电池何时被超越？,https://mirror.xyz/0x715210dA31165a05a2481A512E1c3D253D8E13fF/QDmmf6jl_zfHsEHlHWC2DznGToDX0Q19WKqyQ0bUqoA,,,,,,,,,,,,,,,,
中金：恒指及港股通三季度调整预览,https://mirror.xyz/0x2943EA8B50ba884a253286870b34279450BBa4E1/WG0iyrMUzWRD01vST2sB_VgYcKww7dJur-VyxO3iM2k,,,,,,,,,,,,,,,,
Matcha：按Paraswap的标准，换个姿势，再来一次！,https://mirror.xyz/0x2ABF33485eDf704511dFA42DFB8AFa71a0450A8E/dHUmTER0AdhaVZ1ADAlQwHLdvImPKZj_y6gdXZRzEX8,,,,,,,,,,,,,,,,
联想自研芯片？,https://mirror.xyz/0xA8Fe82a8a726aAc05c4CB7F336989b5535cE46c5/kTITVtyPx-LMLIBnIb7EfSepoKjBMkFl-jZbXVvCQdQ,,,,,,,,,,,,,,,,
行走笔记：博弈论视角下的算法稳定模型分析,https://mirror.xyz/0x41bac86016bddB906C5ec810aEc80f8dfecCD043/9RVRxdqPrNOXP4F8Lj-Lezw5qJa0Sn8kJvBxgr7DGSI,,,,,,,,,,,,,,,,
酸奶品牌Chobani冲刺纳斯达克：估值或超100亿美元,https://mirror.xyz/0x3cd411AFcC7d02BbE54D345602F5ed3Cf80D1C7C/T_xmCB5be9nYXssoI5nqUg9iUJeJi0S58d9UbFqEXb0,,,,,,,,,,,,,,,,
8家全售罄！首批北交所基金热销：半天狂卖至少80亿,https://mirror.xyz/0xa4303850AA2aE3e7396F28814402D22B1615810C/fINScTYLLXrl7_kXtC_hFJOsTyZPNR5u2uhE--V6kfY,,,,,,,,,,,,,,,,
天下没有好做的生意了，包括阿里自己,https://mirror.xyz/0x5B9045ADFAf64f84f9E7eeFC32CaFD7A5ebf0fa3/DBAxyGXIgZktBax27Yo5efIWjw6ObtQWt0U4wXaCNV8,,,,,,,,,,,,,,,,
Fisherman and the Sea,https://mirror.xyz/0x75E0817BaAc25Ac38b2964e52dE6547c3E3F0c82/tlpMPVM3PBEOgO-r-uj26dUpZOkH4cNNPGxQ1v7wel0,,,,,,,,,,,,,,,,
理解比特币白皮书：最远的路，或许是最快的路,https://mirror.xyz/0x8B00cEE42f226B340aF806CD7aaA4c10cc5E0154/nboP07rjGiaz49xDA38FErElU5HpB-5eclVYk-uMwQU,,,,,,,,,,,,,,,,
传统VC投资人：我为什么要去Gitcoin DAO工作？,https://mirror.xyz/0x2449f5E899597812C8c4Ea5CD7697bC27A66261b/j-Aaw5XnQNOOHo_7v9aG0EyV8RnUyncCt9QI5MMgWYY,,,,,,,,,,,,,,,,
Mirror NFT,https://mirror.xyz/0x8C913F57Ca6507E5D6ED892661d918b29a4ba107/S7QdoDWWOtkReyQJf4mHL0omsEdxVVZgaNP5yiITq30,,,,,,,,,,,,,,,,
Beavdog NFT,https://mirror.xyz/0x094C062097005cC9fcB020F6bE765A5Fc47B01Bb/CB2lRV9H9ilXK6NWT49gicsjFZjC0UdS3T-iHOtZVWw,,,,,,,,,,,,,,,,
First time using mirror,https://mirror.xyz/0x8C913F57Ca6507E5D6ED892661d918b29a4ba107/5B9zx47LKnALd1kKeIrHZ1Tu7qC9WtNVM5yR4WOGOPM,,,,,,,,,,,,,,,,
每天都在亏钱,https://mirror.xyz/0x06F398ce76aCc1fCE97B7Cab0eb2a96BA9230c9b/YFbHa69qyTzcgiKYwvlvVAXpNy7ZZ6qjl9sZgGU0oS0,,,,,,,,,,,,,,,,
Hello world,https://mirror.xyz/0x258D9aeF9184d9e21f9b882E243c42fAC1466A59/IQ0I7wejG4KxrikgnlZBkj3gkteFEsM5unnOWV9HqI4,,,,,,,,,,,,,,,,
大饼,https://mirror.xyz/0x9b5f1213167cb23532791f1448aA6a04467e17BB/CH_qEJeXJQJANNV9O-sDVk4R9AyoRIfBINIPboTmlkk,,,,,,,,,,,,,,,,
Hello World,https://mirror.xyz/0xad3284c0b8bb49Cba7117BE72c3d575E0C1D0d54/9SRLYzPovOs7osggbqpZDz3orQf-IZEk3Fp0FnbNYw0,,,,,,,,,,,,,,,,
NFTs: what are they? (3 theories),https://mirror.xyz/0xc61288821b4722Ce29249F0BA03b633F0bE46a5A/27FufNG1F05zHJJxAR-DLs6W56xHMg6MlWV-oZFJLOw,,,,,,,,,,,,,,,,
a16z 领投的去中心化社交媒体协议 Mem Protocol 如何打造 Web 3 社交图谱？,https://mirror.xyz/0x121577842D4F169A07289367bF3c45cD6bF7d2C5/AUaXRxFbwMvGXV7XC_3lrYsnhT8Tx4Tya7IM0bDUVc4,,,,,,,,,,,,,,,,
去中心化的外汇结算协议Fixed Forex,https://mirror.xyz/0x5439a6446dc63aB1AB3E1AFdBACb308A0D1DB71B/pF68Wwao0mJ13x2kfHTorP568Zaw5l5agqnmew66P9I,,,,,,,,,,,,,,,,
Testing Mirror,https://mirror.xyz/0xE7ea3126B4Eee04F0a2497872DF2e654925724C2/T3WAQjzOfS3kggicfLruuT7N1bMGSetEelKUOx2iuhY,,,,,,,,,,,,,,,,
《一一》台詞,https://mirror.xyz/0x15e4205dB728BB397647bb0C0e8E1d09d1d2E4e6/fyqxyBKnNwQGsIZtLz3STBQSIcVn83ZRm-CaupgXZz4,,,,,,,,,,,,,,,,
Evmos Olympus测试网提交gentx,https://mirror.xyz/0x0Dbb0CfF7C9515FC56d352EE37AeeEfdF43B25Fe/bqAO50SYWIBHpxKhQHAGjCaFWGnviFKyOCh4dmVbCiE,,,,,,,,,,,,,,,,
Nieve,https://mirror.xyz/0x62e270a050F6145975883201a047433aA3143598/5opettGWOOYlIhXGbz20xlpKcwqeNL4yo9DGRaV0OaA,,,,,,,,,,,,,,,,
昨天笑嘻嘻，今天哭啼啼~,https://mirror.xyz/0x8c902B8839010BB1761201d42f788e7eD9FCFD77/vWaraYQUL-f4g87pMbSAkEYZ_6mCRWVkV5uNNqGarjo,,,,,,,,,,,,,,,,
BTC&ETH交易所存量暂时降至低点 周末继续面临资金问题 — 2021.11.19,https://mirror.xyz/0xb6107ea5fa2e4Df4e00Cd763fF4EBbA3f9A7cFa6/sHgDyMlFh6OUN4bgUIZqtMZB6JNsaSy2iaXB7mHonT8,,,,,,,,,,,,,,,,
"Metaverse Industry Information
11.19",https://mirror.xyz/0xf8e750C22918B1A727Cd6A518E4347De10564A2d/E9R-lu3qtOUwwJnlRyTZ69LdkXadKIsoaHge8byXMJI,,,,,,,,,,,,,,,,
BTC&ETH交易所存量暂时降至低点 周末继续面临资金问题 - 2021.11.19,https://mirror.xyz/0xdDa424d9bB3140bE68b0AAadCaf7CADf7c36A046/HDNVuyzKLCSI0oa2v9_zJTagYDFejaYdnLtjNY9nGqA,,,,,,,,,,,,,,,,
Web3.0,https://mirror.xyz/0xAcE32E36e3f0EBF08c793Bcf390e42831C5DD449/wj-VAkdE0CaZnH155JiCPy2n9WBnfzF0YqsQqAB1h5Y,,,,,,,,,,,,,,,,
全球变暖的原因,https://mirror.xyz/0xe9F769a39ADA551ccBe6e517dCA0aaCFE759c84D/gDkoDcgBQUwtcc4pr4UiDkLYwlWRYJy3WF9P4Ex-Z7k,,,,,,,,,,,,,,,,
全国人口出生率再创新低，人口专家：负增长可能提前,https://mirror.xyz/0xe9F769a39ADA551ccBe6e517dCA0aaCFE759c84D/AtlHIsRRXxuUk_mNoteo8nUDir0pUS3GhUmli8xlwL8,,,,,,,,,,,,,,,,
苹果市值再登顶！热门中概大多走低，今天买点啥呢？,https://mirror.xyz/0x987f05B5eEB8B30b02329D3888bebc3a7424e999/aF4QV2GI29HlKT9hxlNbW68RnT4EkPuvF2Ai1PVkK40,,,,,,,,,,,,,,,,
2019（第五届）深海能源大会，在海南板块已经被禁言,https://mirror.xyz/0x69f8EdC0C618A2242C1806c17F4444e3802bBdE0/CRvZnO3ryEzxQY7MmR0tIOE1Wujyr1FzseLt5TeDQV0,,,,,,,,,,,,,,,,
Web3创作者经济的引领者 --- Mirror,https://mirror.xyz/0xa1E0D9FD60e0664A50E0828353fc9ADB6A8eED74/PwXppErDPMFpaDdyRxDgoOi-2K5A-lAeMwmE-NquGVg,,,,,,,,,,,,,,,,
监督抓到底，坚决夺取脱贫攻坚战全面胜利,https://mirror.xyz/0xa7043687C4be030E7Ed21d11E8f1D2bC7Bb24d45/ME5rsh9vnoRlqls2wDH7O7uO4YdrYGa18LikG9KybXo,,,,,,,,,,,,,,,,
「实操」Mirror最全面功能详解，玩转创作者经济,https://mirror.xyz/0xa1E0D9FD60e0664A50E0828353fc9ADB6A8eED74/0E-EvgN--VQa3C7-9qSOs1vUHyfv4XZFro2EUuRxkw0,,,,,,,,,,,,,,,,
how to make money,https://mirror.xyz/0xe4E9819C535c64F8bA4E531A89a59B84Db484283/YTcC1hyUX9ARF8EKTJPIgYIRgcgLh1ldiMebUFFy32s,,,,,,,,,,,,,,,,
be careful,https://mirror.xyz/0x735310e9A1A2BbA3A0436821d86Bb56845Ed58BC/OIujltY0aPQD4mFGkwfhgHvQMtFcEoSl4H-wT1xxbao,,,,,,,,,,,,,,,,
【Terra生态收益聚合器ApolloDAO将于11月24日推出代币APOLLO】,https://mirror.xyz/0xaF7F5e2B1d4E153bA706Fe2386FD83259Db6384A/CIP_ZU6MYKK9D4MMx-PwnciyTwHaWlymbRI3tLVeT6Y,,,,,,,,,,,,,,,,
【加密资管公司Osprey Funds将推出Osprey NFT基金，主要针对机构和高净值投资者】,https://mirror.xyz/0xaF7F5e2B1d4E153bA706Fe2386FD83259Db6384A/VkyDgZv2MbqOMQFKW_xDvUsOPzx-936xArLHwbosGao,,,,,,,,,,,,,,,,
【蚂蚁链将于 11 月 20 日起陆续开放数字藏品转赠功能，但不支持有偿转赠】,https://mirror.xyz/0xaF7F5e2B1d4E153bA706Fe2386FD83259Db6384A/A5xlM5XlwL3o5bDU0wPr_75YdKHX7l8SErrnQBpgLq4,,,,,,,,,,,,,,,,
【美国SEC指控一加州男子进行欺诈性证券发行，该男子募集超360万美元比特币但挪用超100万美元于个人开支】,https://mirror.xyz/0xaF7F5e2B1d4E153bA706Fe2386FD83259Db6384A/ne0CQtAHFo3POQ11nnZFshDNhRGXJFMqYKAUHAYDKcU,,,,,,,,,,,,,,,,
【链闻推荐】观点：DAO 是实现公平协调千载难逢的机会,https://mirror.xyz/0xaF7F5e2B1d4E153bA706Fe2386FD83259Db6384A/9DqT4V56w8m8n0WhOGnhps_TWwe0xP4CaRXOt-igNsI,,,,,,,,,,,,,,,,
【Chainlink 智能合约自动执行工具 Chainlink Keepers 在 Polygon 上线】,https://mirror.xyz/0xaF7F5e2B1d4E153bA706Fe2386FD83259Db6384A/OsNyROZ15OowbH0YyHPL_A2z3iiB1cT1_FB3bGNu0Ko,,,,,,,,,,,,,,,,
【Augur 将通过使用 DXdao 结构引入 AugurDAO，但治理将由 REPv2 持有者推动】,https://mirror.xyz/0xaF7F5e2B1d4E153bA706Fe2386FD83259Db6384A/aoVnZ6T9nI0zERp4tBSmqYVxmAoRLlvRyHiJKwY9GIY,,,,,,,,,,,,,,,,
【加密托管公司Copper正以30亿美元的估值寻求5亿美元融资】,https://mirror.xyz/0xaF7F5e2B1d4E153bA706Fe2386FD83259Db6384A/_J7fyVrSCmm2N-WJOBOYBPnO7ycqKIB9wDiFrlddUsQ,,,,,,,,,,,,,,,,
泰山梁甫行,https://mirror.xyz/0x5D076c3C4F7Bf2dB6831c90FC8f1539e07ff71d1/iSFgcXEiPkU7ehhuJSOqywrbrhqkijRV64OysIlkHJw,,,,,,,,,,,,,,,,
VC Needs Web3 More Than Web3 Needs VC,https://mirror.xyz/0xdEb3348Eb6fa98193cE2229a5B71175edb5F5f76/4wDicgYAjuc_orutZSJszys4Am3kRuLKkjlmjOBBbXI,,,,,,,,,,,,,,,,
十部好看的爱情电影,https://mirror.xyz/0x2Be2aD8AED8d10bF088815E6EE9273aB969fA5a5/vo1GbiEOSfyZXgwHwDTwNxXWItZ30wihzV45HGMbg4k,,,,,,,,,,,,,,,,
步出夏门行·龟虽寿,https://mirror.xyz/0x22A93539E28418b7E481D6Ad3b288570E349270c/l9flkaiFNtbAYS31bnNvA5dXdLkTjVfaYseMkvFL3RM,,,,,,,,,,,,,,,,
全球最吓人的十部鬼片推荐 13部吓死过人的恐怖鬼片,https://mirror.xyz/0x2Be2aD8AED8d10bF088815E6EE9273aB969fA5a5/WeM-iWLaNv9UhKxvglAAFsRRKFv2xJEHNgZ_NCBXOK4,,,,,,,,,,,,,,,,
community design,https://mirror.xyz/0xdF3AB3adB9F679d71b9A22ab77565b1FF3A5047D/XwYLAeZGHBwsqoH8dxiYaTHyuEVWBIGhVeIIDbDRCXs,,,,,,,,,,,,,,,,
What are NFTs and why is everyone talking about them?,https://mirror.xyz/0xF10f154ecda0584A440FFcaBa245c4E88d87142A/GAKU2ouLIYEz5Mh7G6_nuycretGjWQAoJ2JdHoNqHIU,,,,,,,,,,,,,,,,
211119-除了定投比特币和以太坊，还应该定投什么？,https://mirror.xyz/0x21aB285888c2d0EAe0d356C6aa964328BF7fEa9c/4CKcV03-iCCN0i_LEAsr2cxgxEMHpNi0WYBomyMjNq0,,,,,,,,,,,,,,,,
大叔与年轻人的故事,https://mirror.xyz/0xcDB17030d9B2B9A37f4b0A998023c0E9e229B59b/X8m0NUhFU4cy-1nJBltXTXLAEiiFiIwjBxd94pkpLHs,,,,,,,,,,,,,,,,
百度安全验证,https://mirror.xyz/0xE44F8e4b1dbA87AFddC5970F9d0Ce64e9593Acd5/buDTiUpxTsD4g8gFvomq0YemAWEcXapHNJ6XlwwmSRQ,,,,,,,,,,,,,,,,
YAY项目研报,https://mirror.xyz/0xE162FF68a2FAAb4aDAadEb125D8F1Ac3DA01950D/vIYNRZhOU9jLcH1MMfMD0yC29lGdSvQlh2gVJ4bDFdw,,,,,,,,,,,,,,,,
客栈,https://mirror.xyz/0xe85162CCc7b041E7833D0246888BCFCc75b04f63/E9E8Ebn4Hvx7FyP6iQnU8-xwh5DuCCV795R0g7MDnl4,,,,,,,,,,,,,,,,
渴望是神秘的核心,https://mirror.xyz/0x64D7199b80E0f228851E009FAcb538e8991982Ab/gZtGCXMcpm2okczWg4NCyZX876qRWZUvATI3xXLfD8w,,,,,,,,,,,,,,,,
Star Sharks介绍,https://mirror.xyz/0xE4db33202eD427beC165BAcCA23c8686d37118Fc/HFoIkuQBeLRObdTfgmuD-aFYEQobUe49SIoXIXCILgk,,,,,,,,,,,,,,,,
Rinkeby水龙头领取Ether,https://mirror.xyz/0x2145814E43A49844d7F03a4d00FC240C7C8e329B/ohB1e8GU0oJieePSlr3lTA8dyMi6WMwkudf0MtqH_vU,,,,,,,,,,,,,,,,
刘工：层次低的人强势？,https://mirror.xyz/0xABE8E2855662A4832Fd2ea5F9aD35c03597Bbc03/HI8zo0Y5s8SElBPdfSL4VYO_XXzW6ty4z_kPNmzaRic,,,,,,,,,,,,,,,,
签到第八天,https://mirror.xyz/0xd2B2f14e25cCf9e7D62611586c2fEE55bd96436A/5D8lJHKMRF-1VsKgoTlCnRJL544uMws3yfcwwseFg7A,,,,,,,,,,,,,,,,
BTC数据日报-2021年11月16日,https://mirror.xyz/0x5727F6dEcd0011edB8420758Ae9EE8A3D4D19aB8/9yB7dZv9mOBjDT29OfFOT6Ir9cX3jcx3glK0FgOlqi4,,,,,,,,,,,,,,,,
Why do we need a decentralized social graph?,https://mirror.xyz/0x148D59faF10b52063071eDdf4Aaf63A395f2d41c/Rqr8tiXed6helt5LfSotEdLFxB6Kv_fA1Poz3K_6g0c,,,,,,,,,,,,,,,,
alchemy,https://mirror.xyz/0x55E5ccf8e402f5BFAb5E8e47f97C68C45d7ad07E/0AKaEXpw1xsX-zKT61iXKfjG81XkwIJyt-ZkTOmuBd0,,,,,,,,,,,,,,,,
2012年11月19日,https://mirror.xyz/0x95F50Cf888dFeC90321dC376c1E695F15B081595/ueCu6YVdUQrhIWPuNs_Q8Y9gFIFUMn144d3lrnZkYZA,,,,,,,,,,,,,,,,
第一次发布1,https://mirror.xyz/0x7cD082cc04eEbF6037ee4142Cb6757149dDC3aE7/qU235debWqc8TmrLeUgxS5GCBwjuxtTJWYESdjW42Ok,,,,,,,,,,,,,,,,
Stader项目研报,https://mirror.xyz/0xE162FF68a2FAAb4aDAadEb125D8F1Ac3DA01950D/uIibIVlEfBon3rcZH275pbO-XEvFy4Eoac2nH6g96Jc,,,,,,,,,,,,,,,,
Defrost Finance at a Glance,https://mirror.xyz/0xD8e3e3eC5643e451a4A1Ca57704DFA6353898eBc/RPazcFr1IHX0yApv5N2yDECEOa9TqfxgRs-Cn0tO324,,,,,,,,,,,,,,,,
Paradigm领投游戏AIArena介绍和打金模型分析 - Carternicol - Medium,https://mirror.xyz/0x753E4eF0B9d9e22268296ACEc685e5407f5A64fb/sXWJXzaBNwf3frZvaCjkjtmgaXzxCxH4W5g9PyRWXzU,,,,,,,,,,,,,,,,
你無法賺取你認知範圍以外的財富,https://mirror.xyz/0x15e4205dB728BB397647bb0C0e8E1d09d1d2E4e6/jNn-PWIxLwqzTO0_Jfa7o2NYD5QVlEYSJO7F7h6CbPc,,,,,,,,,,,,,,,,
GameFi中的FAANG,https://mirror.xyz/0xda2ad598f6C5483da013A7E83F6b68eD55a02adD/4jray7FCjUVzN9LLbzgxGT9QK6MEE7MB8tkRNfrliA8,,,,,,,,,,,,,,,,
Views about #Cryptos dated Nov.18~19,https://mirror.xyz/0xf3b789719FD657ad9D2806ebba9FABe549332217/K9ODJpA_td_2VECzqPoSBl7bcwyesvbNsiODgYqzsZY,,,,,,,,,,,,,,,,
Hello World,https://mirror.xyz/0x49C2Cb507404Af9D261a12dBE1970c708cC4e233/a1tgjfyvG3GUBO4UAy43tGuQLbeaEECEQxaZ-txK_3A,,,,,,,,,,,,,,,,
瀑布,https://mirror.xyz/0x2b6EBd2502B8182Da13F9c4A71d4BA8a7A3F7011/oQs7TtYz3_dd3Sg_WTrQjVi1eS7_RRgBhhJc8sEwLG4,,,,,,,,,,,,,,,,
Kilroy was here,https://mirror.xyz/0x5c217CC668b5A972f7DF0EE87229dab1024028d3/OsIVzGQ95-EIr0v_93gePuVH8qPC4fGeoMpvjgPpRTI,,,,,,,,,,,,,,,,
[REDACTED] Primer on Curve Whitelists — Mirror,https://mirror.xyz/0x584d2Ac4442B961f6ec1a81Ef9C941BcF8139Dd6/qrOiYg5iIVpwKlt4iR8LyafhPAqorHxmEggX7Dxn9mo,,,,,,,,,,,,,,,,
红楼梦103,https://mirror.xyz/0x6Ad25Bbe84D546406Ab13E697dddcAdAE8dF9dB3/Zt5KbLDNgHUov1Jk-4oBmS9OFROr-JMXYBUSME-8Ndo,,,,,,,,,,,,,,,,
红楼梦104,https://mirror.xyz/0xF95115b82378Ad4FAc9cd7DC1bF0e83458E1d21a/VVnptGJsqrndIWnQgpaRipkxk-WIejsUOsny6QcrFPo,,,,,,,,,,,,,,,,
红楼梦101,https://mirror.xyz/0xD355e48Ec65ce29B5D162f7194Ad22143eD092dF/RFUckRfZGLT3rEVxiDq27ZzieulqdVeK6k8mh5bO0Ig,,,,,,,,,,,,,,,,
红楼梦102,https://mirror.xyz/0xd26d3fD70D2A48b66032444D154398183788DcED/agGG3f2k5PyYnmzgy2Ab338l8rxn5NNT6f5W-Gco0Y4,,,,,,,,,,,,,,,,
红楼梦100,https://mirror.xyz/0x83c56fdA7A63827433C631fa2D3a37219B101061/ZUz1o83p3wEpamJm1u_ye43sGr0ErnwTOgrJBVwHYC4,,,,,,,,,,,,,,,,
红楼梦99,https://mirror.xyz/0x418EF7FA4ef1Cc306143B159eDB41dE53510c20B/dYd4QYwM_AEIvMt-3dsOJsEOso_9_nxtbjX0Uw02oXg,,,,,,,,,,,,,,,,
红楼梦88,https://mirror.xyz/0xD9e95bCd27b845144Dc8D03b86e0a729E2042E11/W3q4LMzaJUaWDV6YM4eEeII0Qenl_FZzbkfIkuXiWj0,,,,,,,,,,,,,,,,
红楼梦90,https://mirror.xyz/0xd72bab42C85179adD3210D50983CfcbfC43Fe317/Af5wS4xLfJgFwnEk91abzEAeph8HY5-o3PaUDWJyfeo,,,,,,,,,,,,,,,,
红楼梦94,https://mirror.xyz/0x510db9962D6ea9c52dCdAb210F854E2c23653696/nmhEMgkhCTI8VV3QcIac7sqqF3XNzrrymNUbgdti-tg,,,,,,,,,,,,,,,,
红楼梦95,https://mirror.xyz/0xAED82B0C1FF34085a5920b42324a39617f4fE20b/vxBgSjUq7SXnWbkBDnfcS06kz_irTNbBtnE5B3Gza48,,,,,,,,,,,,,,,,
红楼梦98,https://mirror.xyz/0x7114042D44763e0AFcB607D80DE7B311e11dDBE4/Si7zV091lAlpsYgYe0HFQKKPu5Bru7PApKftNPsc2zg,,,,,,,,,,,,,,,,
红楼梦86,https://mirror.xyz/0xf92286a5EcEa8B53E15653777f9931c09378CB5D/t2iVx78AU25upTtDFcpQW9VzA0sB2K-hqKlT4ZQYf-Y,,,,,,,,,,,,,,,,
DCG 集团完成 6 亿美元融资信贷安排，Capital Group 等参与,https://mirror.xyz/0xdaC28927792b3Bb1A7A956FBFB19BcE720f1c014/pVNtCg_oLUxYxHDVwkcUL-i2YK9jTPygGQWDsAQ_Wgc,,,,,,,,,,,,,,,,
红楼梦96,https://mirror.xyz/0x93E021955AeDEDF2D4c3Dc0D7565a0782a60E05e/kLkAWqrTGHLzePYtxDkN57jcKeNzlEeKTVTQkQcw7UU,,,,,,,,,,,,,,,,
红楼梦89,https://mirror.xyz/0x5EeBDc7EE31D7f4516885539EB8AB2Fef6E55866/uJoyoBaFWygJZ8X8Syh9uau59e7gWJPaVnaJ5ttw6sE,,,,,,,,,,,,,,,,
红楼梦93,https://mirror.xyz/0xd6E557D80f10806125Bf374Ddb5CfAE34d1C2B03/fdXkG1fZ3Sk2__7fJhMutjSanpNJ2cjEXiCoJVWPHAE,,,,,,,,,,,,,,,,
时代周刊与 Galaxy Digital 达成合作，将推广元宇宙并在资产负债表中保留以太坊,https://mirror.xyz/0x867aF017C60D12719Da75D9BA5D51A0820B97207/tlMFE7pnI-y1IBRf9yQ98jUlkjfBFNILRu8SRK6Fxgo,,,,,,,,,,,,,,,,
红楼梦92,https://mirror.xyz/0xb56013366Db555b36013A348F904592454Ce21a3/jDDO3ATEeaOaw7-oNTazA-AC2DJ7RdrSIibPl0ReJtg,,,,,,,,,,,,,,,,
红楼梦97,https://mirror.xyz/0xf1bF0243AB3fd72143219408A230392157D5a82F/MS-g2XNBdD4wDaHUfK0Ntn39amVt8yNgFgKo5bj8CjM,,,,,,,,,,,,,,,,
红楼梦91,https://mirror.xyz/0xe5638faAec4c88E76D4bC2a49faCb55a0E578a04/rDVphHV6eLojBtRcwQXuyfI9cni167CSRcnAyj6iBao,,,,,,,,,,,,,,,,
红楼梦87,https://mirror.xyz/0xAb0B2E54F484140a82636a8a3Ea31d601E791dD0/Y-YNpRugsC49IVA-lXmsaR7lo-_8vx8H-DdFj56Xy_I,,,,,,,,,,,,,,,,
红楼梦85,https://mirror.xyz/0x6df9AA2633a1F5031c40EDE1CfE9814d771e471e/oO790_S65jdgCcv7f7EkCC58VLgF1LqEzgseRf2wvEg,,,,,,,,,,,,,,,,
afterfile.eth,https://mirror.xyz/0x8B59FDD58347F3445b6d2e1223290616c9cc00e2/NIMZBu01AHIZXYkSIF9A6QrnmdyAgMGvP3Y2HVCuh3k,,,,,,,,,,,,,,,,
红楼梦76,https://mirror.xyz/0x3770F4f289F155e44F5d01bc01c7fFa99C983ca2/j0vw5nXQ4FaySZxXSt5gwxi-Lpq19cPUZMNMBlO2P7s,,,,,,,,,,,,,,,,
红楼梦74,https://mirror.xyz/0xeF3fe3c35701172DE944D4e40aeaE04Ec665d1dB/FEZIcbq0RpEWV5EFPVLcfxAAINx-qejzY5mw94aDL40,,,,,,,,,,,,,,,,
红楼梦75,https://mirror.xyz/0xdccF6462d9fF80baD92f0cB6977A172E9151E326/eSm5P4o8kEReWirTO97FdXUPDoAJjY--cCFnmeEcAeU,,,,,,,,,,,,,,,,
红楼梦78,https://mirror.xyz/0x5ec11dEA8dccd6837E089A194Eb26A2a98d923BF/DPF6SQU6ACysH7XLKNVkU97-212z_Ag5_jdRSE0SdwY,,,,,,,,,,,,,,,,
Trying it out for fun,https://mirror.xyz/0xee7A08f4193f149eaf3F1372F9588698854f0959/y6VeqgEDCd45HOhjxiej165MAKYnEYNj6L1Cm2V12Ug,,,,,,,,,,,,,,,,
Hello World!,https://mirror.xyz/0x98Fa06112c2482759fBDc20bDf1a0393343C4173/7bpl2LbfHRxNKktX-yd5e6JLkaY7aBRP_et8hdy8vHI,,,,,,,,,,,,,,,,
红楼梦79,https://mirror.xyz/0xE312957036C655020abD2A3183000348811437FF/wzDCrFf8i2TsrC3nu1fXlMisax3GEHTP01xWs8aSoXg,,,,,,,,,,,,,,,,
红楼梦77,https://mirror.xyz/0xb869dbae85298e21BD9a8414e4d71Eb1cFC8B6Eb/zI6HlNLV9bGsfEa_-jiKQmAwnTWTfpGCw0VOj6fdSQQ,,,,,,,,,,,,,,,,
这个十一你出去旅游了吗？,https://mirror.xyz/0xa7043687C4be030E7Ed21d11E8f1D2bC7Bb24d45/Q0ZeuVsrw0moR6YIACNe-8AmqImTiB5C_LOWEim2ptk,,,,,,,,,,,,,,,,
Now is the time...,https://mirror.xyz/0xea1bf2A0b45ED328a52a4aa3744669f6Ae525866/Rww5qRAaWelfoI2Y_vqDe5sqLyPW7x4Q4Jb9jvCqB44,,,,,,,,,,,,,,,,
MVHQ,https://mirror.xyz/0x7B75BC70b928472856047FDEf0D08D5B5816AEFD/9yvZKMICrXgFOn_l9hU8pisOqBfPXplDoHUGgSV24UA,,,,,,,,,,,,,,,,
,https://osirene.mirror.xyz/NnMIKtLbRlH-KMO5DrtsBYPcHdY2Elrg27y8XsogcbQ,,,,,,,,,,,,,,,,
,https://osirene.mirror.xyz/KAvOzI8YPP2jlk2zvkCrUg7R6nZ50M6V9iC8lYZoGv4,,,,,,,,,,,,,,,,
,https://osirene.mirror.xyz/mEdtgutoGLN9SsH0innqZE_bGBXtYKbRVjdcYQhlk8I,,,,,,,,,,,,,,,,
Demystifying Promises in JavaScript: How Do They Work?,https://mirror.xyz/0x94829d0b7A2341fCE1CF09FF67169f994eE7bdA2/Ux12ylB57DVRCSzruVd8S5TVZZjs0lA88jTnb0lVN2s,,,,,,,,,,,,,,,,
Hello world!,https://mirror.xyz/0xE3EdC693C22D69716565A9493359CBa6CD3d0349/g2g9wcfOqsIjaczm8swHE28OVs0m8IN31cG4NMHdsPE,,,,,,,,,,,,,,,,
Your Entertainment Subscription Just Got an Upgrade (NFT),https://mirror.xyz/0x72ba71557730a3f9C538b7Ea4Dd7b4E0d3cef6D5/5O19765jlu7QQRW0ZURuVxoNZBY3rxFC_Hapm_af8ro,,,,,,,,,,,,,,,,
Regenerating the Planet and Humanity through the Power of Community and Ownership,https://mirror.xyz/0x2fE91Fd3ceA81B04c99060a8b3f53Abf2612e8Bb/0X2ZujycDm52AYEzYD315QBB6dNFKNVfMEoTEGvHqoE,,,,,,,,,,,,,,,,
A Rocky Start: Fallen Victim to Spoofed Upbit & Bitfinex Emails,https://mirror.xyz/0xB52093Eb79BBAa599C0De56FD58ceF84656ec987/4Mz0xkygKK1jVWPDdlWeFXeo9wulZOhX1YwxOrxk4fI,,,,,,,,,,,,,,,,
KnoxEdgeDAO Bootstrapped a $2M DAO Fund from the Community,https://mirror.xyz/0xB52093Eb79BBAa599C0De56FD58ceF84656ec987/0N89McIrA7U1z7hd5lM2vQ9145OnVUdV-Mqg_9f98As,,,,,,,,,,,,,,,,
Teste,https://mirror.xyz/0x923e03a5fbfc9E4aA36AB3254abcCB66199CCAe7/NKSjbE-5WExsccYOb0WL4qby-1eBgVugW5Z4LYKPEWY,,,,,,,,,,,,,,,,
由动力因,https://mirror.xyz/0xe58470e28a611EA2Bd4251bc632d6F7714D93393/F86vtBL8asIy_86bJd_L6AQQOJmr4xi_jM4nlbPHcug,,,,,,,,,,,,,,,,
gm from the other side,https://mirror.xyz/0xC322E8Ec33e9b0a34c7cD185C616087D9842ad50/oMIypPB8XEux03yhRfKG-hj03xtb9zHiBo93jFPgZAM,,,,,,,,,,,,,,,,
This is my first WRITE!,https://mirror.xyz/0x17f4007369067Ad1C324E3c11b55709229EC0E6F/XVihdqX1-XSLygWF3nnyEE52SXmzeqNaO_mKzhpkDyE,,,,,,,,,,,,,,,,
Building Liberal Arts for Crypto,https://society.mirror.xyz/sfgXhqtwwMkhHLnAM1jVr16MdSJ4RGSb1Y6CAKpslgc,,,,,,,,,,,,,,,,
Una historia de vida...,https://mirror.xyz/0x473705914F9e57D0245D0f408A32f3568741094F/FR4X07qwi8GI7UqyevWKhBYwlG1k4DehKyhINUvwO9A,,,,,,,,,,,,,,,,
¿Por qué...,https://mirror.xyz/0x2b622689Ab932F5c6f5D1D3279a138401230c3BD/3GhRSWw0_4mOPc8pBF_YxyFqPTrUNTbqtgvI45HGi8M,,,,,,,,,,,,,,,,
求助大神，邻居摔门怎么治,https://mirror.xyz/0x5C5ED3943cA46FE0F0D3165614C4925DBa6EFdC3/ZVJd9YU3LFFOS8crlZDuH8WiZok5evyHbX6iBbTvmb4,,,,,,,,,,,,,,,,
NEW...from PartyDAO,https://party.mirror.xyz/Cbcr2UPGj5mGOOftBxxYcS93c43SZwbzdwDRkWuJuWw,,,,,,,,,,,,,,,,
"¡Invictus Anuncia Sorteos Semanales de $1,000!",https://mirror.xyz/0x5C1aFbcA38D194e81d6EE9Fd449F2965AAe7B3Cd/qWjiqy5CHuPNeOZ97QWjwOZMmwFKSKVJ5ZOskZ71qRA,,,,,,,,,,,,,,,,
别把网络热点太当回事儿,https://mirror.xyz/0x34E729cb8e03500077b8088dedf1e4604D268EB8/vQEsgqpTxNWyguvR9LfUGDrMAJdGQ765cjV_KTfI3j4,,,,,,,,,,,,,,,,
[REDACTED] Primer on Curve Whitelists,https://mirror.xyz/0x584d2Ac4442B961f6ec1a81Ef9C941BcF8139Dd6/pu3zxIbftRctnAHKo8W9nEE6_p2YpvQsTeqKQXqIf_A,,,,,,,,,,,,,,,,
Hey :),https://mirror.xyz/0x924EbCFbd31bEdf4Fd3503553d7Bd34dDF68576f/7mpmDRKNVodCdu-ZDVLjfyJCHO2vjzvu_zV_2chAJUM,,,,,,,,,,,,,,,,
What if death was opt-in?,https://mirror.xyz/0xFFc4fE0e8E2F940301F976922AB03682566A493E/Hi9GiXn6AmppczOocHQL61CeQKG5-Q-V1YBzFiUyvw0,,,,,,,,,,,,,,,,
AI-Aided Articulations: What Makes a WITCH?,https://mirror.xyz/0xac9d54ca08740A608B6C474e5CA07d51cA8117Fa/UOw3Xr2ZdVAhQJ4vUoSyiVUrNoNwjTewpp0PcnoS_40,,,,,,,,,,,,,,,,
s,https://mirror.xyz/0xbBBfC46566e5f0302cEF913af8C8F423070ce6A1/aiveRUdaLbsZFItrFbQ3wPqL8NB1kPQQqCaMAIXpUo0,,,,,,,,,,,,,,,,
Blogging on the blockchain,https://mirror.xyz/0x4D41E3565e5772dDBfE07FbEc98013A688920806/99lDe11rY8BN7ckuw6T4RhIUvy7QyD04Dva9EcN-mtk,,,,,,,,,,,,,,,,
"Action Report: SubT Combat, Team Quantum Alpha",https://mirror.xyz/0xBf4EB3C09244Fd6Dd1C9c76191A5852168388319/6GqShTbKlWv--A8BxnL4ZhiOmbRwqO_cYpX3FeCOJ9E,,,,,,,,,,,,,,,,
维特根斯坦 笔记,https://mirror.xyz/0x7DBc9Af782A5919244C23699966cae6F880c46D7/-TksIBJ1KDwQFQivIj0qQkYs_rhIfXT-48Bd0dUmP1Q,,,,,,,,,,,,,,,,
from me to myself,https://mirror.xyz/0x46630c82650Cf0Bd1795b0c7F8F7eF9AD122999F/XzVlq3ENsYO8zbgUK7i1NEKvwqSinbrTQFJ3i5laoPg,,,,,,,,,,,,,,,,
#2021.11.19 First day in Mirror,https://mirror.xyz/0xF8EA18f8Fa1D7A765e5430F0F62419A0375c92f2/V4TZYugZYTF67U5zrfqcI7guH-bTf9zSeEf3F4tFiq4,,,,,,,,,,,,,,,,
说说我不为人知的过去,https://mirror.xyz/0x95D67EAdf405630c3c1D4B6cD63e9b9D488191a3/9AVEk8EIBETuj2A6_AC0x_MzQLrNUG8lFhdcQJAgzbc,,,,,,,,,,,,,,,,
48岁男子得知手术需10万后默默离开医院 已轻生离世,https://mirror.xyz/0x6F2B2bba3D59ca218e99ccF64261c97d2289147F/-4czMSLv94rzf3Hd0p4T6_nItIroeUHrLSRInFrOmXo,,,,,,,,,,,,,,,,
Hello test,https://mirror.xyz/0xF29a9321e238A1df5E076b2C9992266b4BB46878/lt9tQHz5KUFiFeBYWpsOx6C9YzgUtFoznN2-x0kjuTM,,,,,,,,,,,,,,,,
"Origin Protocol
",https://mirror.xyz/0x7D167D20aDf437FD89fACd57f0560eaA7D118Ba6/_z8JaB8QFm3p-JSUy5AfTFIUrYeJKK-iHsnrbrC6uug,,,,,,,,,,,,,,,,
Object/Fund Model,https://mirror.xyz/0x7DBc9Af782A5919244C23699966cae6F880c46D7/2qnqJciqBN_pBTCPN0eHUo2SHFkkyFDSy9O3czxUn7A,,,,,,,,,,,,,,,,
test,https://mirror.xyz/0xc01B3424b81da02A3aB626a44Cfe67c2eb15d9dA/_DNxmPqqes9ZuxpngKUII1gbpVIShrXWJz4cr7DruCQ,,,,,,,,,,,,,,,,
Cardano is a decentralized public blockchain and cryptocurrency project and is fully open source.,https://mirror.xyz/0x873cD2553e439DCc72545629FEd5D0fAC2D4F06C/i72XUFVnXw3tqxaOzDdJCbSLHTRsR9Vf6KCKp1CXOfM,,,,,,,,,,,,,,,,
"Buy/Sell Bitcoin, Ether and Altcoins | Cryptocurrency Exchange | Binance",https://mirror.xyz/0x873cD2553e439DCc72545629FEd5D0fAC2D4F06C/NFZcX7rjQQyuuqTgpyoUFdEhBTdA3Qp-fB_3viyrlz0,,,,,,,,,,,,,,,,
张说《道德经》·第五十九章,https://mirror.xyz/0xb57ecf88279a109CF5cdfF608843Fa9146Bd2956/yzHojKGrr7V3i6kSkWJf77yC6BdUqobgqmc2OJrn0Ho,,,,,,,,,,,,,,,,
Just a Basic Intro,https://mirror.xyz/0xfbA8A7aD21b58B551E3C74BC5A149EDEf21d7B59/akXvXxnlA26pNAABw7jSsNhfnPSbIZoG2gwYLYINNcE,,,,,,,,,,,,,,,,
Acala wins the first slot in Burqa!,https://mirror.xyz/0xC8765EEE75E7BC474f929a4C30934eC47631F435/Ml9x-YaC5ThQwEnE0yMVQCytu1xFfEir0qbcmKclCx4,,,,,,,,,,,,,,,,
11/16/2021 暗鬼,https://mirror.xyz/0x1890fc438739B0b144d3ac4392524C84EB322919/64pwquePEn6TvDC_VZxwhC7PZ6i7p2sUjACTpHQNKdA,,,,,,,,,,,,,,,,
Dream Machine,https://mirror.xyz/0xdBB74bb17992FC6E9acc802eb2d4D99A56918120/sAoaGlM4Gtk71n-kVlW3l5HLAVsDQuWMMEgVMvCbZuY,,,,,,,,,,,,,,,,
A Case for Sustainable Disruption Using DAOs,https://mirror.xyz/0x2dd2036C9Db2ADA2739509AF0047c00C8b9291EF/Q_NzDS4NHCYS4rIrDzxBIaxqjaZ0vgwd-jgK5m6iVOw,,,,,,,,,,,,,,,,
How NFTs could be a boon for environmental conservation,https://mirror.xyz/0x5a5D9aB7b1bD978F80909503EBb828879daCa9C3/raRAHeY3DFN308Nqu_pP0NxHwHgIdZ_8C_ArLHOrjK4,,,,,,,,,,,,,,,,
Skeptical of crypto? Here are 4 projects that may broaden your perspective,https://mirror.xyz/0x5a5D9aB7b1bD978F80909503EBb828879daCa9C3/qkXT_qSRgJ6wfjzIaQfX1574dxhdckHWP9GKXTy8FE4,,,,,,,,,,,,,,,,
Web3 will enable the gift economy and the market economy to play together in completely new ways,https://mirror.xyz/0x5a5D9aB7b1bD978F80909503EBb828879daCa9C3/pthOuPwV-qjpLovVZfwqImZauY9E9i5VQGgwIHc9EjI,,,,,,,,,,,,,,,,
11/14/2021,https://mirror.xyz/0x1890fc438739B0b144d3ac4392524C84EB322919/5nMEt6hbpwnZo7L-kFjhWKOZjZ27TVsI7ZRITmWOceg,,,,,,,,,,,,,,,,
HackerDudez Manifest,https://mirror.xyz/0xECEB8653B2D3d497F683a94373c7def1188220F6/sL8EzuVr8cmffRvzgcxGiIcTFmUQiyu_dBqB_EQOKXw,,,,,,,,,,,,,,,,
"I am restless, aimless, and not very bright.",https://mirror.xyz/0x7768A18AEE08D0241F7f0918A1Bd7a05E51532ad/W0oJkogr0FteJLgXovwkUGEdZmqqg4VdNnUaOgujFLA,,,,,,,,,,,,,,,,
这是仇穷吗？,https://mirror.xyz/0xeC76B2bFF71ABDd8e3871f09D7F2Bea183faa679/OTUJTdjzz4EwiqxsG-zrQTEdVChBq5rqOObEmg25QGQ,,,,,,,,,,,,,,,,
Pathway: Automated Liquidity Management Protocol controlled by DAO,https://mirror.xyz/0xCed486E3905F8FE1E8aF5d1791F5E7Ad7915f01a/Yv6tc-KaTK1I-wfF6lc4c2UXuoqDA2h75sLt4n_cWA4,,,,,,,,,,,,,,,,
"Ethereum Protocol Update - Nov 2021
",https://trent.mirror.xyz/82eyq_NXZzzqFmCNXiKJgSdayf6omCW7BgDQIneyPoA,,,,,,,,,,,,,,,,
The Digital Economy Canon - Announcing the FF AWARDS & Feedback ✨,https://forefront.mirror.xyz/tCP4DWDk1tY9QntrogSVphWRbSBg8_iW_hPmkDKi5eM,,,,,,,,,,,,,,,,
this is good,https://mirror.xyz/0xAC18F7813f03bc99e01691917a3e276602f9A239/rfN8TKJ4f0kiHetUeioQIBVADkUaa_HnsqHX7ij7xHg,,,,,,,,,,,,,,,,
KAZI WORLD,https://mirror.xyz/0xdCf27cF7e8f694944db00BC005e3Cb644899F76e/BKZ7k-HoTloHd57Yw80xxt2ZGQxCHIhyZ8eXvVl63z0,,,,,,,,,,,,,,,,
ConstitutionDAO,https://mirror.xyz/0x95Aec39B2832da46df1321b29Eb04a4d181762AD/Pr_IMIzO2ZCNyxjiv1EhcM1BQlouDECLn5cZ18mSOg4,,,,,,,,,,,,,,,,
Hi,https://mirror.xyz/0xAAE6754322bf9adc0c84D41ef0392BE02a34dbAC/vnh8C53nHHfqGypJzLYHZ4eoOAwDONB8LKZd-4W-AtQ,,,,,,,,,,,,,,,,
Test,https://mirror.xyz/0xdBE77083D32eD04650Bb75AA9De4A33576535D33/ORi_Kfu-IrZggQIZpKzj6tNr6cHlT_1Xlm1UXPqTcr8,,,,,,,,,,,,,,,,
Out of the blue,https://mirror.xyz/0x7768A18AEE08D0241F7f0918A1Bd7a05E51532ad/P9tUyb5b4SwhWqXDxKq_bvnV92-WAi_AvSYjBoOxEog,,,,,,,,,,,,,,,,
Safe and effective medication,https://mirror.xyz/0x7768A18AEE08D0241F7f0918A1Bd7a05E51532ad/D9neRbRo2yJBuKfvmnmxw0HRG_WbBIco-nUScb7nN1w,,,,,,,,,,,,,,,,
Labor of love,https://mirror.xyz/0x7768A18AEE08D0241F7f0918A1Bd7a05E51532ad/8MyafpdYazlN8KfXJJI-EBrJFS-fTzhf-GXMkJJI6KA,,,,,,,,,,,,,,,,
The Big Wave,https://mirror.xyz/0x13E2eD5724E9d6Df54ed1ea5B4fa81310458c1d9/gI8KTdHYzmBJ9rFy2CpFgfaE4d_xO2xn_itmn3ouVHQ,,,,,,,,,,,,,,,,
The D in DAO stands for do-ocracy,https://mirror.xyz/0x52aD9215eC1b43DDF987efcB05273114b8B77648/5L-5C02-BhczZ9fPqplXa6_IJe0eyHcBcyeWz61VHkM,,,,,,,,,,,,,,,,
最常用工具Top5+1,https://mirror.xyz/0x8286A9A98dd3A31754b116d68d154170E93072e4/2sB9BhDIVIyWeENF74tW1l0eo_PerzVBNOX5ErptS24,,,,,,,,,,,,,,,,
Messari Fund Analysis Q3'21,https://mirror.xyz/0xb5e7eAa5EfA62204929025CdcEF39E6a87e7B7F2/m-wXNV2b6uyoHKZzfNJQP8-lrBsk5Hcedjx2_BOXDbE,,,,,,,,,,,,,,,,
二本谈币：不要负债炒币，会死的,https://mirror.xyz/0x1e0012884cC3B4d6Fe361dCED4B748f53dC5c6fE/ZUNA4FiVvfVZaGzHXi8e0rUuDsxOvDL_7ex29tjAhJo,,,,,,,,,,,,,,,,
二本谈币：价一直跌，还不快跑？熊来了,https://mirror.xyz/0x1e0012884cC3B4d6Fe361dCED4B748f53dC5c6fE/hW33OYCFhc5ixKCjo5SMezP8PTJIHi-7hnWuVQCx32g,,,,,,,,,,,,,,,,
Annotating Your HASH - Tips from the Historians DAO,https://pob.mirror.xyz/o8eIOWpe9ZHf_kjuRMlnpBrxpLe7lUGLkujQbzE7pSE,,,,,,,,,,,,,,,,
Test,https://mirror.xyz/0x285ca97BF4518c7802Ba6C6B9940435a695595af/nGgdvqqKm_k_KWjnjSEuHDalwUC7Hpt0YFU4_hJRe44,,,,,,,,,,,,,,,,
登黄鹤楼,https://mirror.xyz/0xF53a69e7B19D3A92CEaE7eFB9C621d01D5Ab365A/o4jWhRs3YCG3Afg_TwfEoSx_VEr_iGYUJfj45uZeb4A,,,,,,,,,,,,,,,,
Utilizing the Price-Earnings Ratio for DeFi Tokens,https://mirror.xyz/0xA83c4F07Cc7f4682215BeCd389EC28176aB18546/0OdkunO45_rbRPoFr0FLJNNSYYzP2CvwkHpeITKzvog,,,,,,,,,,,,,,,,
Unbelievable,https://mirror.xyz/0xD310A932Cb1dB29cDEFF5a7b6fc34ac7B4f0ED8C/1SKozwdo7k_cf6_NuHYNvyzYnaUiwO4ZQGLa-vQxTUE,,,,,,,,,,,,,,,,
"2022第一季度必须是GameFi爆发,附60个项目评估",https://mirror.xyz/0x63d2654Db24c645194364B01F670FaAf97207a43/N8xhBaR5fnNkHFPxnhKMmcUTrPZH1Pz-9cpFFw-KDX8,,,,,,,,,,,,,,,,
RisingSlime AMA with Crypto Royals-RisingSlime Project Overview in Crypto Royals Community(Recap),https://mirror.xyz/0x80fF54dCBC4810C8AE4C78A2f84D5eF37f4aAb2e/FJ7WHSVVaxAfyDQKmnmbs2MRQ_VP56ZA-OKxSTlXWw4,,,,,,,,,,,,,,,,
Hello World,https://mirror.xyz/0x33b8287511ac7F003902e83D642Be4603afCd876/tfGZ5y_0g0zUNiYgS2sTBC7WQojCdZJNoAsUJKRApf4,,,,,,,,,,,,,,,,
为什么一定要投资比特币,https://mirror.xyz/0x780bDFe4B47103936bbB234977d2f8aaabc61099/X72bKopSxSl2y0sqhMFmGf8phDS7pv5C_585FeLTnK8,,,,,,,,,,,,,,,,
Dairy 10182021,https://mirror.xyz/0x4839460F05b2a8fC1b615e0523EbC46eFba75420/4VHYe-MiUeFFDLw-CmIWO7Rrv0HE7MlYUpMq1uXXMbE,,,,,,,,,,,,,,,,
New Memoirs,https://v.mirror.xyz/EO9KYw-i_y6d0T9cuO4GpnwJXLtRvicDGRXtdXzuBbo,,,,,,,,,,,,,,,,
FOMO NFT - DekanBro,https://mirror.xyz/0xCED608Aa29bB92185D9b6340Adcbfa263DAe075b/g0N2iuLqYWsQPVHUsqipdKOurDRMuQ39UN6-VctHyR8,,,,,,,,,,,,,,,,
三期？什么三期？,https://mirror.xyz/0x8C080bCaa37F1983414c577a900A03A5AeCaA410/ff6E4mgG5f2VakiCWDDbZ5mUkcJ3OVtL-fv79vl8WAA,,,,,,,,,,,,,,,,
sand,https://mirror.xyz/0xC90c3a70654fD4a149a985f6cb47AB9bb8698ff0/FRKZoSiUgVFJI4oE34D6d0Zx7BkH0crCarz_1DEOrf0,,,,,,,,,,,,,,,,
Extending types for models in prisma,https://mirror.xyz/0x60D959C97833F8791260190A085d2dcF6d5Ab9D0/fyA9YpnRWN8aQ-UnWQTWEGceccPiWU7CIroiv_JPAZM,,,,,,,,,,,,,,,,
Dark Forest 神器挖掘机制“考古”,https://mirror.xyz/0xBFEe73e88b4257C6a13854c746F32a29fCB9EfD5/4GM-DrXTLZcnzUr4rA4BqRdVLVzPBw9aS0zqp_IRnI4,,,,,,,,,,,,,,,,
人類與元宇宙,https://mirror.xyz/0x1962B8B0f66703a0D84cBFBdF6013DB3759f498a/guhnwBrj6rF7p2io3AUtfsortaAk7C1Nrp4yIlBxfGI,,,,,,,,,,,,,,,,
Debounce and persist event targeting in react,https://mirror.xyz/0x60D959C97833F8791260190A085d2dcF6d5Ab9D0/JRPSfXe1Q38l1teeWNTmrXZZv8tuob0dvS7KbYNb-as,,,,,,,,,,,,,,,,
Building an ecosystem of products,https://mirror.xyz/0x60D959C97833F8791260190A085d2dcF6d5Ab9D0/4FkwzUkZIb9Lfvrh6XOIfC3irDRHNOSZu2vEf_Qg6V0,,,,,,,,,,,,,,,,
比特币：这究竟是一个什么样的区块链理想？,https://mirror.xyz/0xad9083c6CaDc572988eFB604a87E86F8dE205BdC/bEz0ZpBK147yS3iW5C9ujeSVWsnezlZLln9VCKGsf6M,,,,,,,,,,,,,,,,
Hello World,https://mirror.xyz/0xC4a3352cC8Ee101Fa04B893e0e72AC003915f41F/PT_m35fplkip9Qxfs6ILmZPXp8JlLg-JM0gstI2-HrE,,,,,,,,,,,,,,,,
为什么谎话总是很容易穿帮,https://mirror.xyz/0xFCC5eA07532613B02F8d7b23Ec3293BA58026192/-xUxl1xAGvKnNPT5wvIGD-ToET8eP-zD2D9aS4aFDpw,,,,,,,,,,,,,,,,
Annotating Your HASH - Tips from the Historians DAO,https://mirror.xyz/0xfc046c0955FCD9DfcB5C291cbCb5e9a6a18f5bfC/xpW-HLjHVyWFiC6ZcIuZHaEGsivc07GOWY_ziko2YUo,,,,,,,,,,,,,,,,
2021/11/18,https://mirror.xyz/0xfA7879eD0D031F0f4Fb3Bcac1B59C0bAF85de436/Mwa5sG-XlDd_Il_vt0LX1Y5gbRoIZwOad-82MeC3U9w,,,,,,,,,,,,,,,,
"ConsenSys, un unicornio a la conquista del software de la web3",https://mirror.xyz/0xDB584Db72160bE0694E5F91B195313dc4E13c393/pjyHs2ZMGfyfLyK2ZV8tBy4SMewCfft-pPeG44q3xZU,,,,,,,,,,,,,,,,
行走笔记：本轮牛市何时结束？原因更多来自于它,https://mirror.xyz/0x4D26CFc496eb028Eb17840Af3F71671312Cd230a/qUUrirzdlJ_zN6MqNX9eLuYGMYJj_Iy2JIGmkr0piRM,,,,,,,,,,,,,,,,
又一枝老枪《性格联想》,https://mirror.xyz/0xa2F1034A2a20b835c3b287EFC799D516b00C6C42/HSglFCs2XGJyj9YjWoEXZE4OpsY1Jd5onqIucWxA348,,,,,,,,,,,,,,,,
mick5788,https://mirror.xyz/0xaE69a6a995eEb7B7B0349359eF29aA51548869BD/WJ1hRy-BJTv7dLdnOrWsCAciKNO68pK44PUOycCY26I,,,,,,,,,,,,,,,,
如何在 Metamask 上设置 Avalanche,https://mirror.xyz/0xf3FE8c6c75bE4afB2F8200Fc77339abE4D7CFF33/0tu_Bo2Q6Xg7LSVeAi7PqhXNtHkwpyW9sZXkzFLWQH0,,,,,,,,,,,,,,,,
hello world,https://mirror.xyz/0xDe4834fFF5A5D78a27512f296888C3c4bFEf8CCe/GpZAPFOuoTC_svZd8DjrgaaN3-3Mc6-PZNpf6mUq9Ew,,,,,,,,,,,,,,,,
Automated Market Maker (AMM) Explained,https://mirror.xyz/0xA80a681cb89569dD478C4490D034ac4ea0E3D062/ALUPZ9DPqM_KqR06FWnV__zf_hu5uUDILFdAKKfitrg,,,,,,,,,,,,,,,,
Web 3.0 的第一篇文章,https://mirror.xyz/0xA6DDeA5E7a4eF5c680200BF37984A06c6CFb123D/8NanEz8iWlysR0rblSuzIZsNtlB84YHDwvcNPb90mFs,,,,,,,,,,,,,,,,
《绛霄之上》,https://mirror.xyz/0x6D85f1b7fE6477Cec2bAF871d72e3504100Cd6df/tbILgMWt2kc5V2eCkK0HOFr9Rqx6wASlOzQXZMZvL_k,,,,,,,,,,,,,,,,
一文说透元宇宙与Web3时代的重要基础设施：Rollup、波卡、Cosmos...,https://mirror.xyz/0x9159855286a8Fff053E4fA5271B36145cD8e955a/-wXF2f0TYlMpr_QXJ8RLLz2DlqnFQ-rJ79UWLNY5NZM,,,,,,,,,,,,,,,,
麻醉,https://mirror.xyz/0x0C70B20eEF88E15f601Cc26Ae5dF4D038bb293eA/Cr2S1X-oKcP6O_42bFy9gAunqjT8HgAeRNVMe1pDk0c,,,,,,,,,,,,,,,,
Metalpha Daily News Report,https://mirror.xyz/0x1Ad31EeEE92e8c16687c9Da44BE85C187D8c4064/IB86x4GooBr8TNOZCvbwZmO_0S3fAwkDzv8esLX1ESM,,,,,,,,,,,,,,,,
没有量子安全 区块链的未来是不确定的,https://mirror.xyz/0x031294914B20e2f217b47BaF87076556FeEd21c8/13M9isygq4yxEjphNYnIyKnMEeCgdOHfJVtrNrktWVM,,,,,,,,,,,,,,,,
"
人为财死，财为利亡",https://mirror.xyz/0xe46160BBb8cFd7C3556453Ee19e99e1f60B1D1f6/EMbStdpdEMnq7QALxranhdLf8O29FK3nxK9C3TR8WK8,,,,,,,,,,,,,,,,
Mina Docs｜Snapp：SNARK 驱动的应用程序,https://mirror.xyz/0xe22cbcAA0324DfA1d83cB939239e11C306c9A03f/TwyqSxOWV3W_mS7db90D3-ohrs1zhuG2wxEF47Iq55A,,,,,,,,,,,,,,,,
Rollup的现在和将来,https://mirror.xyz/0x74191A2c442dFc0FB8c8089E3b410a2067284169/b-x0fi5MfhGObZ2WZs7a_qbOjOgktds5d6qK0Z66lkM,,,,,,,,,,,,,,,,
today one,https://mirror.xyz/0x0082dc9791f8b6e519bD728D8B7Fc90787093772/7pDlun1rmGGKdNpCsq6VmvsuJql5dpNg6oqlSEuesSw,,,,,,,,,,,,,,,,
去中心化金融系列之一：DeFi的诞生和应用（稳定币）,https://mirror.xyz/0xBe0abAf10816D183B1b6fd39D3dA4EB750E5b6FA/7L0scaTdUa0o0MjoBxozbqpzaNqbafuTBANK66pEXRA,,,,,,,,,,,,,,,,
Constitution，starsharks,https://mirror.xyz/0x4ecbaa7D2f86f2D78C04f49986eC2c57938752a6/-V1nYLmZ8TZoVaaNrd1CdhuRSbTRFf9wR8FOBjJ4KR8,,,,,,,,,,,,,,,,
The fall and rise of attention: towards a direct-to-audience economy,https://musicx.mirror.xyz/K_5jjCIrXmahW0cOLUDi0eO92o3_ZaOuZfncmCwgq58,,,,,,,,,,,,,,,,
大胆的尝试,https://mirror.xyz/0xAdDf5806ac2f8E9C305AeE60313be474A8B785B6/onGDcS5o0lzzGJhC-j7xlMd8PWHHJmfw9rt5fib17Pc,,,,,,,,,,,,,,,,
& Mental Health,https://mirror.xyz/0x186Ea56F0a40c5593A697B3E804968b8C5920Ff3/gOIvBzBkt5pHL5DxPJTWkIKKXAUmfOAAQS0kZcoWj6Q,,,,,,,,,,,,,,,,
谈谈MtGox赔付及安全警钟,https://mirror.xyz/0x81d29A783AF7B6fCDa88664925a05Ca508E296Ca/KAMfktAGiee5tQeftP2FzHJhUEM_8YjHDG775dV1s5E,,,,,,,,,,,,,,,,
刷空投刷空投~,https://mirror.xyz/0xb804D0a16870E2fF870935e336733bC7fbE65BEB/7vNzIY8fWVlY6r9Abaohk4P9Z4X8gmLVsgrTycGztl8,,,,,,,,,,,,,,,,
环球时报刊登评论：莫再对虚拟货币心存侥幸,https://mirror.xyz/0xBA8532E1922314B770b118390E69DeB79d452b54/iXDx3A57-gtKgKRxl0lfDwSzcXHdLNQbDsSnRwNFAjU,,,,,,,,,,,,,,,,
GameFi平台的崛起之路,https://mirror.xyz/0x3CA5098c418A1fdBdA9fbEa4eb0C28d3C1c58324/7akugVQJ4_BtgWoxW5WIyFwWNu3EMEiGjbW7-z1LHTg,,,,,,,,,,,,,,,,
11/18 Cobo Labs Daily,https://mirror.xyz/0xBD8dA373754e7eAB7Bc98dFca9FBdD021D0E1C2f/O5RcvV8f8Ovsh0VnFNaqGUBEXPzq7UboKgJiHf-XQ1g,,,,,,,,,,,,,,,,
我想找个人，找到他是毕业最好的礼物,https://mirror.xyz/0xcDB17030d9B2B9A37f4b0A998023c0E9e229B59b/7DNRVgdRt7cBp1GJvZBj0NrNDH2yYPD-zx6sswuTIvE,,,,,,,,,,,,,,,,
好运气,https://mirror.xyz/0x67a8BFc099787a265523ac4B8e60fC54bBA2c2E6/7KykOUxUN1AK8xuAilPnK4NDT6akRMCCVNCY0XZbP7o,,,,,,,,,,,,,,,,
好久不见,https://mirror.xyz/0x34e355232986AFcD5Dd71f317E6Ff53FFe30822f/B1-H_AEU100uX0saI7ZTWHjSKf5sJdn0ga_EI9HL7d0,,,,,,,,,,,,,,,,
Introducing Aave Arc,https://aave.mirror.xyz/JcA9DzQHK6o8YYMmxtH43Vqq5HoHvjrTrFnd_UprKWQ,,,,,,,,,,,,,,,,
"技术可扩展性如何创造社会可扩展性
",https://mirror.xyz/0xaF7F5e2B1d4E153bA706Fe2386FD83259Db6384A/Zi0wG_8hF1SF-PVKbMg6Lov9Y9MJQIVi-FoKmyZnsP4,,,,,,,,,,,,,,,,
Grow Your Creator Business by Improving Retention and Engagement,https://mirror.xyz/0xcAB28BE5F5315407d9faC010F8435628f0124017/VDGM2hZTJeC6t70gwFWqE6So4d-Vwz1uS1SfUtnWGHc,,,,,,,,,,,,,,,,
How to Grow Your Audience With the Growth Loop Framework,https://mirror.xyz/0xcAB28BE5F5315407d9faC010F8435628f0124017/NzwDcQ4SQTSM50CdwOPpqK4G1umOWiLFBE0FqFns5qw,,,,,,,,,,,,,,,,
"Taproot已激活：不是比特币进化慢，而是我们进化慢
",https://mirror.xyz/0xc369293570031d15a010ea5fBfED89810F12884b/eq4OtPB12eIvq_2sxQkXXuJdMjQNEBLNx2wUfh3S2n8,,,,,,,,,,,,,,,,
How to Find Market-fit as a Content Entrepreneur,https://mirror.xyz/0xcAB28BE5F5315407d9faC010F8435628f0124017/lCPksvcJE2PNNleQgU3wUmP0xZLc_ADozesJNbyTlu4,,,,,,,,,,,,,,,,
Nervos 上的首款 Layer 2 DEX 产品 YokaiSwap 将于 11 月 30 日开启 IDO,https://mirror.xyz/0xD58189F5E858A6F67319E33Fa1107eb7e679989f/3Tn7wRmcf_MFQ3DtD0569RDjhbgp2z06qTfBhgFSLyg,,,,,,,,,,,,,,,,
【基于 Nervos 的 Layer 2 DEX 产品 YokaiSwap 将于 11 月 30 日开启 IDO】,https://mirror.xyz/0xaF7F5e2B1d4E153bA706Fe2386FD83259Db6384A/NHHNqqigfNH3bm27T6S4Szvc22JHWhXeh9T70WraMcs,,,,,,,,,,,,,,,,
【加密挖矿公司 Bitdeer 计划通过 SPAC 在纳斯达克上市，估值约 40 亿美元】,https://mirror.xyz/0xaF7F5e2B1d4E153bA706Fe2386FD83259Db6384A/nPZo2Ng7OxQrsXVnUjXUjhA3AEHww-pn38qvpjFxlvY,,,,,,,,,,,,,,,,
"网络资金流
",https://mirror.xyz/0xaF7F5e2B1d4E153bA706Fe2386FD83259Db6384A/hLozk7UfuFi3FYQENeWO5O4_Z0yUBUFFORbLmWuOeAg,,,,,,,,,,,,,,,,
11.18空投个人理解,https://mirror.xyz/0x7115Da842f9Db0430D76Fa522018210f34B7f402/oqFq9lB9TybpN4a2X4C19akPI377waCSWx2TA3aWZQs,,,,,,,,,,,,,,,,
屎币日报#111 | 2021年11月18日,https://mirror.xyz/0x66A3B3AE9789581bb77D8650eABbC8DF43E9DbBc/CwS8C6HkziIpOR2J3TXkjesEZCuvij1RNIgMrRzfdyY,,,,,,,,,,,,,,,,
Why Everyone Hates the Word 'Influencer' and What It Really Means,https://mirror.xyz/0xcAB28BE5F5315407d9faC010F8435628f0124017/8FMi7rANx0rIYzux1LtzZR49OAxCWA1rVN8DowHQPnI,,,,,,,,,,,,,,,,
自我更新,https://mirror.xyz/0xa84c99db46EEC0c61919C62d9de82FC2A10471b7/U5YblevhRqhntvsxPAC1It9jgAbWIEfCIOyyVAqTmIU,,,,,,,,,,,,,,,,
first entry :),https://mirror.xyz/0xD91c242B3037Eb5548917A203d109504F5fF7d9A/FmIg30yx2GXleVKWN_qfZUnb0Gjud-nfjF7JI1e9c70,,,,,,,,,,,,,,,,
也谈仓位管理,https://mirror.xyz/0x15b8d7d53a106536d067d4D0AA5F89C7D7aaAbea/MY6dbINDqlgfMvRAyVIrUbccc4BCOVy6YBXJXUvHv18,,,,,,,,,,,,,,,,
Aleo Setup && 激励性测试网,https://mirror.xyz/0x55F2805241e925cf8A0A150C5c9011b536707295/ZzNjmhnJN_HW_c9CE3wG1lbek5vOLwWlTz0NakcMbhw,,,,,,,,,,,,,,,,
年底了，挖矿的、套现的都注意点儿，小心被人抓包冲业绩了！,https://mirror.xyz/0xE8462FdBb06d022d57fb0511589605FcAac95f62/sfSnVVawP-USuh3O2eG1V6XiJO6pIMZxPg_8pAp0trY,,,,,,,,,,,,,,,,
区块之路2021.11.18,https://mirror.xyz/0x24a33F1025338b2E7801be8e5Cf77bb28a4536a7/iyliDlDaQ_YAgBzhGp8C4-_sLDqGacmGTtvTMCQOP7c,,,,,,,,,,,,,,,,
韭菜日记,https://mirror.xyz/0xac814A2c2f4D6113d3DFce640442F0df3cB93362/m6ggkWopOYMux5ay5jkglXemO1uOjwo_MOFf7M2RQNM,,,,,,,,,,,,,,,,
Web3: Harnessing the Web's Natural Monopolies,https://mirror.xyz/0xBcfD8dDAc6B8fe5144553B50790ca631b1760FB0/cEqHyzaripXnY9W4HxfcSo5zEjgV7BpK0_Q5kjGeElk,,,,,,,,,,,,,,,,
白日夢,https://mirror.xyz/0xE63B5fF8dD77d75C62776C3796fbEA89EbC71598/8n65djfaljwTGQ_VRCYN0L41VPwbtTq7SmECb1ArYuQ,,,,,,,,,,,,,,,,
NFTs & intellectual property–what creators need to know,https://mirror.xyz/0x08DB79911BB3215CA7406e2B4Df23348Ea33915A/hThXSZbgWAmcMXR6Lty4v6kVAPWWGk_xgxaMJzJTqog,,,,,,,,,,,,,,,,
A Guide to Pricing Your NFTs,https://mirror.xyz/0x4FA4167b3C94A80416bBc768fB919BF3AcE9F8C2/tAC2aua4_KhLJjx8Xmj_jI0UcrOhEIAcEh7sG7J9hrs,,,,,,,,,,,,,,,,
"Hello,Mirror",https://mirror.xyz/0x55F2805241e925cf8A0A150C5c9011b536707295/4upqtv7PpE0tZg0u7sNE4Z3C4RST0Q4XbpIMagtfif4,,,,,,,,,,,,,,,,
"Blog-Header_Editions-01-2048x1152
Tip for using editions on Voice",https://mirror.xyz/0x35BF253f60217abF339E9a01E74bd3EEfD683ee5/GMZfsLXU9Ae8_68pXzBGTKNEL-lAjK5xUtaK7Hj9xIw,,,,,,,,,,,,,,,,
担心腊月生，惧怕腊月亡，腊月就那么可怕吗？,https://mirror.xyz/0xEFc1fD6cF7013014Cd93FE616BaBb614dc02C23A/g6c7rg3ZnksWANPxEAaCxtpNMtyVQls9l0NSyMLsEoE,,,,,,,,,,,,,,,,
BeastMV - 'PawPaw Rod - Lemonhaze',https://mirror.xyz/0x69b2B3a4Ac5009cebCf39DA9b25C8815Dc97C3bf/H9vsOn_24xuJrnaZ2Dtkkd7dhqIVe3f3FmhU83KXULc,,,,,,,,,,,,,,,,
Hello World!,https://mirror.xyz/0x6473788c87b4B6611f7cb66a88042207eeC9a146/bQLRRFLDFiFUeEX8SOVasxk0wj9Qc9F3Z0w_apOFM4s,,,,,,,,,,,,,,,,
今年2020年不要去日本,https://mirror.xyz/0xD45c8fFA20A0B2c5204eD356C9983594d330fA6A/Zg561oVvA6_1XvVae3DGlEU9YT5eg6X4BRGndW44lrc,,,,,,,,,,,,,,,,
空投(Airdrop)随想,https://mirror.xyz/0x15b8d7d53a106536d067d4D0AA5F89C7D7aaAbea/Jf6CukLj2RLk1AEMiJVjRZb6kKyEmnqzzGm2-Vbt3Bw,,,,,,,,,,,,,,,,
cro新链（附带空投）,https://mirror.xyz/0xf79E2b8746A2fa6EDCc3B6fF0938C23162911898/yB1zlAW_OXx8IVT_jnfvYrOcU5pBxev5wBFIwhV7i3Q,,,,,,,,,,,,,,,,
NFT.NYC Q&A with Chad Knight: Part I,https://mirror.xyz/0x59C9d046d43B28816393825a3688D93B82bdd625/DeI_wKfTALJZNg81ffX6z0cpVA3VlRquQV46eu1iB9o,,,,,,,,,,,,,,,,
Climate conscious NFTs are headed to Antarctica,https://mirror.xyz/0xEE836251ee934C3126ac5d9BB29AE9177a6A12e6/5uVOUqr64hc6FlDsJ-FuU6WUaY-HaSYOUDQ0z6V02m8,,,,,,,,,,,,,,,,
回忆录,https://mirror.xyz/0x6F2B2bba3D59ca218e99ccF64261c97d2289147F/TCDoKApWdMEJRlpnUXhlXMaMXag3re00JXB51JvVVrc,,,,,,,,,,,,,,,,
啥叫人品，Mirror这波空投似乎白刷了,https://mirror.xyz/0xc0F7ee3fc687173d15F1D20182A04B22D3157fb4/2qqhYd1eu033JziQHEZqXZV3WQY24ONK75ct14gwh9w,,,,,,,,,,,,,,,,
dying owl,https://mirror.xyz/0x31206E31A258C251184046AFdcb151241f8F1879/l1yyUVmBV-oV1NXVe1GjwnT1V8wbpBzuK_7-Osr-vYA,,,,,,,,,,,,,,,,
今日任务,https://mirror.xyz/0x91a53616F2aFc2f2db0Bd50eAfa9D13AB82793D5/vTH1G5i6PSiPZGEVIFQWYUNEG1Q1pLVd60a7EmTThFw,,,,,,,,,,,,,,,,
今日任务,https://mirror.xyz/0xCDB2D7eF0CbCB0DC0Dab81e24123371d9eBE4FDd/Nh9tSKzNPQiHN7_02kFjSkt4ESZp5a0nFWXnmpWmBYM,,,,,,,,,,,,,,,,
今日任务,https://mirror.xyz/0xa07a9A27213905CB276b8494e1C87E80cC614D7F/fRkVhcq8L_6zRIS80R8JSuUmj_7oyaTrla8n-8dQA8A,,,,,,,,,,,,,,,,
今日任务,https://mirror.xyz/0xa9d4c387Ac17f7E4609141cC5570f5C315D5028D/8XU4IBXmm0GZMCJLzHuI268VaTvYlezEumn4Ogu68d4,,,,,,,,,,,,,,,,
今日任务,https://mirror.xyz/0x2A49d6c4441967Db9f79790d911071A710F11D56/20EMBMA8fZM6zp91-QDFYIpmMdZj2Y8tohwAwJEW_pk,,,,,,,,,,,,,,,,
今日任务,https://mirror.xyz/0xa5e5237977024fFc8daf9d60A85D57C6377D7ad5/s6A-FSKNGnI4LaXGm97RmOELMNJ1F8fWbd048XUDzU0,,,,,,,,,,,,,,,,
11.18,https://mirror.xyz/0x6fF85c6208eE8a3bC484f73A9b8f2d55B9B01C00/LLCMwkvI7t3ANbwTa-u7llj7TwkfW90ukv1XxLKXkjs,,,,,,,,,,,,,,,,
RPL goes to Arbitrum,https://mirror.xyz/0xfdddef70093875df72988372d89b53A6273d462C/fj0HakAk4F6zdYxGrw6vbvh8LPysoFWCsz2BHNc8aD8,,,,,,,,,,,,,,,,
红楼梦68,https://mirror.xyz/0x0171fBed476A3367bB0eAAe9B63d51b9d00a60c4/YWxAwjcuzdqv0UQV5vjkB1ygQDlwWoChotJlmmJMlhM,,,,,,,,,,,,,,,,
继 DeFi 和 NFT 之后，加密世界的下一个热点 —— DAO,https://mirror.xyz/0x85ecCCF0495048873AdFd107343630C95d49F42C/xhNm7iJpTqNguytvfjZnmY2-L7YHKV3VJeAGpOngcwE,,,,,,,,,,,,,,,,
红楼梦70,https://mirror.xyz/0x05AA1fA998F323B3B552be625f5f75e583b0014A/AEJG97exBXiLudjVcMLx1wzE46OA4XsljTwHkGQIm8s,,,,,,,,,,,,,,,,
今日任务,https://mirror.xyz/0x1023baE395e7BFD7229d82A7369911F233eefEEC/EQ5UhF95dJZOYNeZ6azCZ7exE_TFJ7jepIwAWbhNI9E,,,,,,,,,,,,,,,,
11.18,https://mirror.xyz/0xd0b1A7544F642AA37dEb7Ace048EC53DaFA18C8a/nfOcF-ZsO9iGLWzW7ConbViUau1_KIVfRsUYUn9KtLk,,,,,,,,,,,,,,,,
红楼梦71,https://mirror.xyz/0x9E8ef70d112586654295d1Efb8dE0b4d8183e522/sixV2zpUCZo7D6iat41bHw64nQWR8xTTLIARawEtF74,,,,,,,,,,,,,,,,
Solana 的關鍵創新：鏈上FTX 「Mango Market」與終極算法穩定幣「UXD」,https://mirror.xyz/0xfa396090B4dfD2bd86bbf6de63635d6E390b5dE1/UnCvn0ds0H7-1-KNMXcq57jl7oGo55cDOZO3VBeWJ-E,,,,,,,,,,,,,,,,
红楼梦72,https://mirror.xyz/0x418860f6b816230Fe1D199ef08c954a688E2FD10/DhVsvpT5cG250td9D798a4Rqeb71OXBCyc-j-ZakIoM,,,,,,,,,,,,,,,,
红楼梦67,https://mirror.xyz/0x1ECd0843e88Aa5A9F82e407802a054BaD2E3D5E1/ngLbdaRfVzTQsGBXMW_DlpMkPXXW9JHc9mk3ra9gqyg,,,,,,,,,,,,,,,,
红楼梦69,https://mirror.xyz/0xb195b18757E1F56b1Bde295EE60D6EA30B9D1681/sy_NQ60qHTF4sZ9VT1KHOmY27U1VQJQMitg3wiypWOY,,,,,,,,,,,,,,,,
傻瓜都一样,https://mirror.xyz/0x9b85bD1C1337aE76be2947C200CD22A47eF90cAf/BwA_3nYlSJmM83uofwztFGSRcvmi9NO2TBu1qICf_z8,,,,,,,,,,,,,,,,
【Hackathon DAO 发布「开源黑客马拉松指南」，为 Hackathon 组织者共享知识和信息】,https://mirror.xyz/0xaF7F5e2B1d4E153bA706Fe2386FD83259Db6384A/W9RW4B31HfvCoLxvZdFaczymgmGJj5Lg_WNhVRFu54Y,,,,,,,,,,,,,,,,
今日任务,https://mirror.xyz/0x3384dd5B1BAbfB6b3AC6E75284701C176B58b03f/0NrgZtXe2VzJ1HglmTxYDEj0nEPfrSe74g669OrV3cM,,,,,,,,,,,,,,,,
红楼梦73,https://mirror.xyz/0xa47E80AAeEa7228775eC56d3C8E0C810D3c1481d/MrvN-HNwShVeIyj5jR6xWmwG1ESP-X9-kLRBrvj5d8A,,,,,,,,,,,,,,,,
Introducing Meritverse,https://mirror.xyz/0xDf765B55EF0Daa7375b87B68a6Fd57a1331e9353/rsmzni_0vNjXGdYo4EPnhTv6JMQWhBdaTu2tso0gDmg,,,,,,,,,,,,,,,,
guildfi,https://mirror.xyz/0xe9A9903DB6d7341f03a933C048aaf3D49a49CFb1/msPtQ959CurWAWryxXnpBxOsBzoYcw6xye4ooUW-Omo,,,,,,,,,,,,,,,,
红楼梦61,https://mirror.xyz/0x30068Bc3744D208F9309d00aB0289E5E350AeCCB/NtGjo9z0u6eFrcYrGbCjJJ7ax-VyB-wlY1pGznOaaTU,,,,,,,,,,,,,,,,
红楼梦65,https://mirror.xyz/0xaCF87F0F8c5b4E5D5b6665efD131c0686a0fa685/Wn6Gn4rXTt4RBojJgzn6IBmVgz2CGnHjDF2S1M_JjJQ,,,,,,,,,,,,,,,,
红楼梦66,https://mirror.xyz/0x2D54Ae63bD3Eb5A063bB8C3a1ECE67DDc5eaf867/vtmXW-HvVF7o0_XW5bLaj4eBV6cGTFp6gncm3tb0AQY,,,,,,,,,,,,,,,,
红楼梦63,https://mirror.xyz/0x763b0f458Cdb9756D7c4698c8825444a9D113c3b/5gO6MDdFKcp1eHo2mKu5haFfhnYlrGThJBImAWtoKg0,,,,,,,,,,,,,,,,
"
Jasminer**简析：元宇宙到底是什么？",https://mirror.xyz/0xFc393421639e097797034973bd45f74871c309E3/hWqkOiPfWMHSXgjBwQQ4kXBxw0gkihHbxlkoMAr6fU0,,,,,,,,,,,,,,,,
红楼梦64,https://mirror.xyz/0xf5ef18B30957b5a194a5006b71C8a60031b92ce9/FJ7syaC-2QrRzb0f90LapnsxqQVzCJs6rHbpeOxZXew,,,,,,,,,,,,,,,,
码农不码，解甲归田,https://mirror.xyz/0x1fA87a13551cafFD971cBF7581A6b319A4bC7628/QX5nqMTkWYEys-8X3aWDJjnNiYb-EHgw_t61Iu8aP60,,,,,,,,,,,,,,,,
Today's Professional Identities,https://mirror.xyz/0xDf765B55EF0Daa7375b87B68a6Fd57a1331e9353/L5MVKWU8Yigdd377bv8-hV4RvA15wdgdY07oWHiDtRg,,,,,,,,,,,,,,,,
BTC下跌的6个理由（行情分析）（视频）,https://mirror.xyz/0x3D710f42db4C0Fd584aF9fabaDE632732b727e18/9y8K6fFuu9iyLcjaJS4t7U5v39zOYbF5rmPtmrWumOE,,,,,,,,,,,,,,,,
红楼梦62,https://mirror.xyz/0xb449300292d083F02Eb14a1A1b2b1f6b8151e0f3/68WG-i-oOw_KFU40s5zjof7ifeKwxnlihnFG5WbJ2Ho,,,,,,,,,,,,,,,,
红楼梦58,https://mirror.xyz/0x3A44393fe693C5Bf7448D8fE5C96d8aAc19EfC9C/YHX6xwBrRVc3t4qIrWtvWO9LBjt8Cudnlt35Senbb40,,,,,,,,,,,,,,,,
紧扣三个关键要素，全面推进乡村振兴,https://mirror.xyz/0x85627a64b8439aBfa9100B5572B930a615d67a54/ZUlizJpgy5x0lZSClij9LsPPyqY_MKNZXyPrO2Yir3c,,,,,,,,,,,,,,,,
红楼梦55,https://mirror.xyz/0x1C701d6ec66931B3252c92dBC4BDb23E0f5d2043/-8ndatjVttr1gfR7T5pydCH5uw43cH_g3R-DS5VOgLI,,,,,,,,,,,,,,,,
红楼梦56,https://mirror.xyz/0xAEbe9211695a3Ee30f10845Eeb8547AB7f0bD483/ze1Np-chCJlQNz_Wix1LmSuah7lKJfYgsyxgVxfbaCg,,,,,,,,,,,,,,,,
waiting for good chance,https://mirror.xyz/0x735310e9A1A2BbA3A0436821d86Bb56845Ed58BC/X0KxFuLfhhJyl9i0A-Yw6U7qZWndW_7_mbY0UKMXZMc,,,,,,,,,,,,,,,,
红楼梦60,https://mirror.xyz/0x8bDe059900e6b48fB06e53daD5271903efd4E0AD/S9l3Bcg63c_xidG_VRIAMPPyYNhkltWvsyX2IiWGNGw,,,,,,,,,,,,,,,,
红楼梦59,https://mirror.xyz/0xBd69794052967fB765C335600Fa4b169E51664c0/2gSAMmWMkqfrGVdPfMqSVGnYm4rfSwntS5m4F6BLm64,,,,,,,,,,,,,,,,
红楼梦57,https://mirror.xyz/0xD79C430DC2bB9AfC8c31FCEa331DdbbdFB1CcFFC/GgRixgudmh22b-ohG9fIdK_MqumzHGXMMN-wdK_nWVQ,,,,,,,,,,,,,,,,
电影推荐：推荐9部高分经典之作,https://mirror.xyz/0x2Be2aD8AED8d10bF088815E6EE9273aB969fA5a5/wj_zIVS9WI--8Fc1GzEcYQLi5f7AEOr_RJTHCdmPeXo,,,,,,,,,,,,,,,,
【尼日利亚央行行长：不支持加密货币交易，大多数加密货币交易都是非法的】,https://mirror.xyz/0xaF7F5e2B1d4E153bA706Fe2386FD83259Db6384A/unijGAxU3MugjDMkRIOBSV-AwwZtNmMwvDDSTGUgWZg,,,,,,,,,,,,,,,,
红楼梦50,https://mirror.xyz/0xd896d12B00Da7fEf7C507486F9D47Cba28F6f23F/J9qBl3GfKw-8lbhHT7Sp0tMZ1DLhaODSEDS2tW-9VZU,,,,,,,,,,,,,,,,
红楼梦51,https://mirror.xyz/0xeA92A5A17683f6fB396Ab542f5559CD3390beF46/Ij6PbISOQ9S9gXthOguF4cF_WhqZFKTmEs_QxuVecJM,,,,,,,,,,,,,,,,
深度解析涨幅不断的SAND：游戏与元宇宙如何互相赋能？,https://mirror.xyz/0xeC800b6c70f6C31dA9B8061Ed76E934452a3b0c3/JQos9zWUlZ8ekxgWLLgV3QrSiEds0mf-yc3kkwrm4_Q,,,,,,,,,,,,,,,,
Block technology and enterprise,https://mirror.xyz/0x44c6BA7D066F26FaD5e887814476020b1A065602/0u0po3Ug_U09G96FjNU49aRN_bPchtturi5MiE_M7PI,,,,,,,,,,,,,,,,
红楼梦52,https://mirror.xyz/0x125A7DAb1a304B9b5aCFe2403C61b39864Cdd3FE/zSjoKi4diiI1IbSqdSdFxD80nSOwutNkYm273vfoubY,,,,,,,,,,,,,,,,
Blockchain information,https://mirror.xyz/0x9C8aafe264fDab6B993F2A7519204696312BCCA5/nawyFGYtVqS7ZV744hneujARvIuNOGstLUFS-sfbgJY,,,,,,,,,,,,,,,,
【元宇宙资产抵押借贷平台 XCarnival 将在未来3日空投 3000 多枚 NFT】,https://mirror.xyz/0xaF7F5e2B1d4E153bA706Fe2386FD83259Db6384A/r9mj4mTSad4u_qLGVDGJDUqgF9wkUjo7fqI5KOBbFAs,,,,,,,,,,,,,,,,
Yummy Airdrops,https://mirror.xyz/0x7BA5a87eA664bD0Ee2ca8AbD5A1c29B7ACfFbD4D/rL4k5oHYOdBxIxKJEW7ratxGhlI6mUciF4MJ1LEgOFM,,,,,,,,,,,,,,,,
Blockchain Morning Post,https://mirror.xyz/0x19Ea83AEf13094b9D147355a353424C905174bfD/RDe3Kv4Syp2iYHgVIYyOo5tK7v8Q5ZuxNB_vDS-z5hk,,,,,,,,,,,,,,,,
小狐狸钱包里的eth、bnb被盗，大家以我为鉴吧,https://mirror.xyz/0xECc6e7b3B0F4D40b985c5ba72C05D375baCc129F/vSW7_k5wy7UV0vY9f1O5nsTMyJR52SaLZFd1A976yAw,,,,,,,,,,,,,,,,
红楼梦53,https://mirror.xyz/0xF66ac93c94eBE53E09A50bBa907Cb068B0D826DC/5x30EbWsHPmqFPak3Qxw3VQfJCBUht6ZeH2qHDJ5AsY,,,,,,,,,,,,,,,,
红楼梦54,https://mirror.xyz/0xff8D7F5e32a34d3fbB2bFFAEceA2dAcD8Ae2CE53/3-fsq9MKRKsCqkLl_k96Maq14KtiRsMl5iRuhCU4Qcc,,,,,,,,,,,,,,,,
【去中心化计算网络 NuNet 通过 SingularityDAO Launchpad 完成 200 万美元社区轮融资】,https://mirror.xyz/0xaF7F5e2B1d4E153bA706Fe2386FD83259Db6384A/k5z0PrfWvy3VwCHFyitctZn0dq1Kl8t9VTJsRGig2XY,,,,,,,,,,,,,,,,
There is a conflict between blockchain technology and regulation,https://mirror.xyz/0xCF7e23F6Dd60E4296b2dbA63E54dD5C2280D59b8/xCSNxQs7K7M-ZnqaYgosqImEO0_HXKeuPNjVhJlERnk,,,,,,,,,,,,,,,,
【Bifrost DApp 上线 ETH 2.0 衍生品 vETH，计划开启新一轮流动性激励】,https://mirror.xyz/0xaF7F5e2B1d4E153bA706Fe2386FD83259Db6384A/xzkhxA54BuBrse5Cx4wGhIHggr_pdyJuRGl3w5XNd5A,,,,,,,,,,,,,,,,
Wanchain 跨链桥 WanBridge 已集成 Fantom,https://mirror.xyz/0xaF7F5e2B1d4E153bA706Fe2386FD83259Db6384A/ohlxoGyHtma9Pvq-46rBdXDQGMgXv6Zx3fzmNxnqcNA,,,,,,,,,,,,,,,,
【链闻推荐】代币激励会为 Layer 2 创造一个长期可持续的护城河吗？,https://mirror.xyz/0xaF7F5e2B1d4E153bA706Fe2386FD83259Db6384A/YYlc10zqtt4l0-V8--_jMK2bdbLioczov83swagfTlM,,,,,,,,,,,,,,,,
红楼梦48,https://mirror.xyz/0xAa4Fe0605B5Be99F077728c629F3bE4882e74432/IIxiqify12ujhkTSxSY1trKUu5NHZa14CNAb2scUz04,,,,,,,,,,,,,,,,
推荐《活着》必看书籍,https://mirror.xyz/0x78809Bb929CE7432D509D5b7353ca1c82C9f002D/u2i9ZbofoCV5mKCAQWYeDJCGrs9epzkTq6y1NNQfvqg,,,,,,,,,,,,,,,,
红楼梦44,https://mirror.xyz/0xce09F1b7dE522C7601e59b23083572185Db08b13/G8PXBhl374n5ic5pSIh7hVMhbHAlWwSy7-lmnfrjYII,,,,,,,,,,,,,,,,
西游记【6-10】,https://mirror.xyz/0x660ACaDC151F6f9a519a1c2a85D8e17E93B3fb2f/HrSWdwPHoDAbydU-fUJiJPGxtE0zDEBCFaDPgmfYb0o,,,,,,,,,,,,,,,,
红楼梦49,https://mirror.xyz/0xcD5074C33A4E6b76aD6C14734627d50C71A1a2c8/DFz9GoNFIpmtdacPwrb5RF6St-K0Nn2aq0uP9k85KEE,,,,,,,,,,,,,,,,
反思近来谜之操作,https://mirror.xyz/0x1fA87a13551cafFD971cBF7581A6b319A4bC7628/7V6n4qMG2axpWYj7gZ5Hqb4VGUujUxhoFupV66liaj4,,,,,,,,,,,,,,,,
红楼梦47,https://mirror.xyz/0xdfe90a7f1Ddf7c6Ea2e893af3f4c01a56DE6f8c2/OAigRkLhTpyJ-Qr9nmaL9H0DFz2NXsHbgOb6zqJj9v8,,,,,,,,,,,,,,,,
Accelerating the application of blockchain industry,https://mirror.xyz/0x9895a3064948f82dc890E2599a193e3D7a4a16d6/_kIQEpf9ty7_vKKlzS9b4SCK4qWNYuspl71zWpT8MNA,,,,,,,,,,,,,,,,
Blockchain games and meta universe are booming,https://mirror.xyz/0x425fb1B1c1aa5E1F66E11E279B1597bc5cC95f72/-YcyU9a0r7GLWPbZS2pRUVKOcgE3DiokDxUG78pbI3g,,,,,,,,,,,,,,,,
APO生态项目-APOverse元宇宙构思,https://mirror.xyz/0x7691cD6082B27dAb56deFa23B074ae0dEd5Ffc9D/Swpe8zOqiqiHxOEXvIak2SVjbvnnPJJY7NzZuvno3Q4,,,,,,,,,,,,,,,,
The cross chain demand of blockchain is increasing,https://mirror.xyz/0x3397D541d16Eb6978EC88bcC0354d80A5b9C921b/CWp-YHK2XisgcVVvLzkJHNJMHQpc8xJFarD2dBHYVTw,,,,,,,,,,,,,,,,
家族办公室拥有的加密货币市值约占加密货币总市值的4%,https://mirror.xyz/0x5bbD91751615726A53fEAE5B9E2e35457384fF0b/XyKESzwjAQV-GVP5GRcIJL5OhYjzSIpCLeD_0yxdUzc,,,,,,,,,,,,,,,,
红楼梦46,https://mirror.xyz/0x4fc8F83880Bc3CE7Ef5DE42EF1C4ff025EF27702/YLHQBiOF4r40O_swYyOZRMi-SsvWJZYnABrxxkXxjkw,,,,,,,,,,,,,,,,
红楼梦45,https://mirror.xyz/0x87B66a701352c896DcBAB52A0f7cB8F9DCaeC8A9/SiBmDIi0SLBOA3IOq94A8duFvN4OGHlCgZbrvo_NPRM,,,,,,,,,,,,,,,,
经典名著推荐1,https://mirror.xyz/0x78809Bb929CE7432D509D5b7353ca1c82C9f002D/CBLLwf1PXpUpXlpprSO6oubqW7NQwaE0HSdYuflyqlU,,,,,,,,,,,,,,,,
牛市还在，最近在关注的项目,https://mirror.xyz/0x0b86a1E36AFf79e1B1B0b30F147Eb65b37e921AF/uDBIJw_bQwc8TIT6k0rdgPinUB8cNDhE3H4ZDbI3_Y4,,,,,,,,,,,,,,,,
红楼梦39,https://mirror.xyz/0xAc809B0E3AEF7d0F377053Cea6Eb7FC151c3083B/poTFVQZu7IqGcO4q8L6x-ev1dImyKMPLs7MoLzoB25Q,,,,,,,,,,,,,,,,
my first NFT,https://mirror.xyz/0xC7A048bAbfb808618Aa0B38EE055B165Bd9e0eaF/REZQN-_nsljp49EAnh2EOdDUt5eNj5LFwdUHqCG4Mm4,,,,,,,,,,,,,,,,
西游记,https://mirror.xyz/0x660ACaDC151F6f9a519a1c2a85D8e17E93B3fb2f/-VFq-DOUimS4zIFNaJiFQ4tOfo_pFjqfLqJyjjjczYc,,,,,,,,,,,,,,,,
红楼梦43,https://mirror.xyz/0xB2842C75886486443117192d0328809c15eA3BFb/widREPmMyDx4CLn3Ew5agB7c4mV5RYIhwwgGlhDgY18,,,,,,,,,,,,,,,,
“大众化”的语言,https://mirror.xyz/0xcDB17030d9B2B9A37f4b0A998023c0E9e229B59b/mWyLZTqOMUf5cb3nnJfe0sts1C-64_TPQaR-LHSDG_A,,,,,,,,,,,,,,,,
"没有量子安全，区块链的未来是不确定的
",https://mirror.xyz/0x7aC43c0Af08e766318007B1Dcef19eCb4E9761B6/D60iTy33wor4ytOVJCACuGbIUl8rz1GEfe-eGILblqU,,,,,,,,,,,,,,,,
红楼梦41,https://mirror.xyz/0x58217C0B044De568Eb44aB02F0E1E3D866E915a1/hcgyiFpKWVm9JR3bTORuSF74nmrPhXclSFHKys-5PmE,,,,,,,,,,,,,,,,
红楼梦40,https://mirror.xyz/0x52167E9a191C3754E18941AD42182b5850D5645a/SqoeTb-Rg_xUcNqIkMomvIZeO6cpZQf-RK3lYfBw_k8,,,,,,,,,,,,,,,,
Accelerated development of blockchain industry,https://mirror.xyz/0x8D4E1BFa9BFA1404Aa02ef199cf8126e18b5aD1d/DIR5hQDNd0RHHE4dJcRwJkn6hetJK7KY63xgOswLH5o,,,,,,,,,,,,,,,,
红楼梦42,https://mirror.xyz/0x7f0f3BDD90D675689dEc4d8E919bb56AF78a9e26/b3FU1FUSCS2g-_kG48Ez1b44TqEeZPh4SCbhPn4-sXs,,,,,,,,,,,,,,,,
Blockchain leader,https://mirror.xyz/0x3D9aD102B864a25B50980855C76d6A7E53D82122/cnXv5csO263r615kRZChrAJ3RUivDWtc6BWTu7ClLLk,,,,,,,,,,,,,,,,
NFTBLACK INO,https://mirror.xyz/0x90F440e449C47f4cAF78c62c131DFC38ab491d4A/djfvae49CodOb0y3smjdP1GwEL9w7e8CHgKhGdyN-Vs,,,,,,,,,,,,,,,,
红楼梦38,https://mirror.xyz/0x605B0848d8F6d50a0cdDbdb8B88A2E7C1C4eA61e/bWEYXXo-GBEXWjg0q1tWCZtAcg35JQVasCZb8JFE57g,,,,,,,,,,,,,,,,
PC浏览器使用WalletConnect登录Mirror问题,https://mirror.xyz/0x5287cA1759acd48e67548B82890f241494844e76/JYracyxERIr2XETC9p2zXM1Ouw74v-jf5NaWMRIHHUs,,,,,,,,,,,,,,,,
Rainbow universe,https://mirror.xyz/0x2dAEA6B39c2A34AbAaCE3F4c265f3C9377D37d81/ZUITte5AVX29DoMOtFuerFBwV_bZBzly6ggpRdSrgMs,,,,,,,,,,,,,,,,
This is my first MIRROR.,https://mirror.xyz/0x1ED4159CB3A6b6635AE62527005651C6fDA045b7/dt4feKqv0tRGhq-YLjImDOY9ktnyFafstxW3Wx0CIQY,,,,,,,,,,,,,,,,
2021-11-18（MBA备考倒计时37天),https://mirror.xyz/0x86e570024b076F99726f43B6788411f4100E5c16/4BgodeRDPdid2mM3DGLrjz8AsgLC51UyNKYmy9k5SSo,,,,,,,,,,,,,,,,
专题研究N867：区块链项目Feel the yearn（Ultra Sound Monkey）,https://mirror.xyz/0x78c0A25CcC21604B3D117100DE7c9523f53236C7/iBZK4pM1BeBSTGS9jwj-jDH_K53FxNCwCQB4rV8RUFQ,,,,,,,,,,,,,,,,
论炒币心态的重要性。,https://mirror.xyz/0x9b95e1350EdED7CDDae6CAAFE85dA9d9FE13445D/qGICaiJxn5FPUfD0_3Qy3xjeyvXi3m3IW67xkPai8sI,,,,,,,,,,,,,,,,
看他玩儿,https://mirror.xyz/0x339f0eDD9e567A6444b5Bbe80eD5506d1ce8bF87/p0aby5NFsrIhvMMFKF6FoW-Mo0kwd9Gsz-Q9266XvvE,,,,,,,,,,,,,,,,
Colony | CLY 雪崩链avalanche上的“支付宝帮你投”，能否贯彻DAO的精神？-11/18,https://mirror.xyz/0x4a264b46F00739075FA2c337dA3c8a2E8E02deeB/HSzIbjm2b_kgix8ksiOfhDcbLHOHlKG99RajFe8SDF8,,,,,,,,,,,,,,,,
Coinbase带货ConstitutionDao 看看能筹多少钱,https://mirror.xyz/0xf3FE8c6c75bE4afB2F8200Fc77339abE4D7CFF33/hT_cL6s1Zg_1TyMQmPFcQQa1M6SGOMmJR0SI7hLf2E0,,,,,,,,,,,,,,,,
Secert Network与Huobi Pool联合AMA实录,https://mirror.xyz/0xfdA3Ce506444d75Bec0158FB3bd610b4c098cAE9/Bpt9KIiOlaMhI6lmvA3M1RTg6pttl2HGcrC7Oi4U0Dk,,,,,,,,,,,,,,,,
每日国外区块链发展动态回顾-2021年11月18日,https://mirror.xyz/0x78c0A25CcC21604B3D117100DE7c9523f53236C7/gNfTnNoBFhMcw5k6RqPR0_rXkxKngu7mpbNrheUtbLQ,,,,,,,,,,,,,,,,
jiiji,https://mirror.xyz/0x3ae0d2C69DDaa811e1B51fCad3bF822c08f9370B/p2-u2HuD-RJUI0gtTZjzFERLrK-xrfyK5MHAP7q4O0c,,,,,,,,,,,,,,,,
佛门称谓略释：空门子,https://mirror.xyz/0x339f0eDD9e567A6444b5Bbe80eD5506d1ce8bF87/N4K6fXIB4Tpmque8_n2G81xShxHPV6mxO53OhMKXfig,,,,,,,,,,,,,,,,
如何对冲 DeFi 风险？,https://mirror.xyz/0x5Ee9b86f3d4C48bB5C72927e1e051466d5b0a41a/b0sJ0UJv1yvIpmckezrga37agCJYjoUI-W-SNiiF5s0,,,,,,,,,,,,,,,,
My first NFT in my Metaverse,https://mirror.xyz/0xcba4f13F2C38f14b10202Fd7cAa8B6bb43C36D4E/6KTwGnSOpWJnwqK9wwbM_kRAt4gTqt80Ol3fc_VgI5M,,,,,,,,,,,,,,,,
Lorem ipsum,https://mirror.xyz/0xe9F3F313665Eb85AA2c4a3C1Bea6A70A57D10a75/vngnTrkywVl4jVLyRvsTBFMCvganu81M5VSrfy5o0X4,,,,,,,,,,,,,,,,
2021-11-18GET新技能--》 抢购StarlPIXELNAUTS趣事记录,https://mirror.xyz/0x2E48aAa7eD2D6502756Cf01704eeAF5A1130A992/6VpBX_qXF06sQ-Colq7lm188_Rl79RC7Ee1zZSFHU_U,,,,,,,,,,,,,,,,
加密货币友好系列：新加坡银行开户,https://mirror.xyz/0x7830Dfc7291755D0c6Eb6302D5D82e3c70D6CE0E/0Kn6UFKc7G9a3NdTnJAL9iZOrbsJk1gvBmO0DjFY30U,,,,,,,,,,,,,,,,
¿Es el trading de criptomonedas el trabajo de los que ganan menos?,https://mirror.xyz/0xDB584Db72160bE0694E5F91B195313dc4E13c393/qcLrAsp5fO4cy5m5gc9dp9mqhCAtwRte_tT9qV13vjI,,,,,,,,,,,,,,,,
211118-打渔的最小可运转工具箱,https://mirror.xyz/0x21aB285888c2d0EAe0d356C6aa964328BF7fEa9c/Zjw82VGfkxU2Wh5SUZvnU99vXT-bdmthysFyELyqO4Y,,,,,,,,,,,,,,,,
Welcome to The Incubator,https://mirror.xyz/0xe2A039aB83dB1ea76842FEc23611806d50C4B4Ae/u9k391Q69s4h51bqyDa5GDeG7HurDVXaOuhFcHcb-Jc,,,,,,,,,,,,,,,,
Secert Network与Huobi Pool联合AMA实录,https://mirror.xyz/0x9a82a45342984887E372768103b8b35c1f1c4485/4qaHk8Jk-Fp2zBdHV2yOn7Rl0N_KMYvugwEUP6RT1VI,,,,,,,,,,,,,,,,
Las grandes tecnológicas quieren nuestros sueños en el metaverso,https://mirror.xyz/0xDB584Db72160bE0694E5F91B195313dc4E13c393/RSfde3nqxubrb30Rml523H924MEdWyt_672Ql1604M0,,,,,,,,,,,,,,,,
Quotes by Famous People,https://mirror.xyz/0x399b756Cd9BC6917a98D523F8d50712A0776eA27/hf33-BymHkkwFl8FEoGXzwVrrZP_E9h6QbkUWAi2d7M,,,,,,,,,,,,,,,,
HyperPay研究院 | 解读 Binance Labs 三期孵化计划的 9 个项目,https://mirror.xyz/0xD31623072b391CB139DECC0DcA87c18352f1dD99/f0INDQ0UCSsDF6o8vEWC2ra2-w9NFFmBheE-Oq6XRDk,,,,,,,,,,,,,,,,
My first post on mirror,https://mirror.xyz/0xFef0DcA8335112eF32c45b91E92A96b786f1c943/6kZcm8Tacr8YMWJq5jA6WuJgBMpdykR8g0UJvU4Fs60,,,,,,,,,,,,,,,,
遨游元宇宙的必备工具 终篇,https://mirror.xyz/0x6E18e69AD6a71Be81b3a00303b1021a7E0021a3A/HWye6QUcoZqjkQFfc3jc6ryc7h3aH64RWi781964oAM,,,,,,,,,,,,,,,,
"元宇宙地产是如何征服投资者的？
",https://mirror.xyz/0xAAcBc14dDB28939BacC07622F381771c4C74C54b/7AXamlBvCsv_D6yJ9Y2S8wNV_tEMi-xhCqIW7a9s26s,,,,,,,,,,,,,,,,
asdfasdfasd,https://mirror.xyz/0xA4a4976953ABC0248328C2315B5636D301d4f66a/LZSBuI3zywutgEk1XDUdIZ-L1Af089IipsYxk9NMtiI,,,,,,,,,,,,,,,,
#1 Crypto Expert Says “HURRY”,https://mirror.xyz/0xc0E3CF9485aDF68AC7612CEaCc55b97Af19870F9/dJT5DkV7i2ZoFcFn-Gr09SEAkJNetTAyIhfTsccGxSY,,,,,,,,,,,,,,,,
everyone need to play miniroyale,https://mirror.xyz/0x735310e9A1A2BbA3A0436821d86Bb56845Ed58BC/Fb9Y4TPwXe1u_z5gF5RU9KDjk3IuA1rK3epfJn1eeN4,,,,,,,,,,,,,,,,
DeFi 交易被三明治攻击？手把手教你使用 Flashbots 刚推出的 RPC 服务 Flashbots Protect,https://mirror.xyz/0x5Ee9b86f3d4C48bB5C72927e1e051466d5b0a41a/aLoYTvo56ESGJk21USIAG9ApYWUvh6SMxYFrkSCUVHo,,,,,,,,,,,,,,,,
Metalpha Speaking,https://mirror.xyz/0x1Ad31EeEE92e8c16687c9Da44BE85C187D8c4064/KOIp9-_-vwSHB5r5yejEpDhS4Fg-aq6X4H1G6u9UMvY,,,,,,,,,,,,,,,,
"Hello, is this thing on?",https://mirror.xyz/0xA18d4b6b990fF3753607C753277095fD483687aD/fQq1gk4RQg8XGv-4rTwBOgClKktcX6vs_Q-B6588ghE,,,,,,,,,,,,,,,,
玩转justswap,https://mirror.xyz/0xe9A9903DB6d7341f03a933C048aaf3D49a49CFb1/GWx_x_eDQolT5KEFuXy2YUajrwLqLjpo435YYyabamE,,,,,,,,,,,,,,,,
"读懂不会爆仓的杠杆交易：三种 DeFi 杠杆代币实现原理及比较
",https://mirror.xyz/0x5Ee9b86f3d4C48bB5C72927e1e051466d5b0a41a/GPs-u4kIs_OgoBri8gikfi6FJR4STb3vua4CnaXKqWg,,,,,,,,,,,,,,,,
[埋伏空投-5] Hop Protocol：跨链桥头部应用，发币趋势明显，进来学埋伏？,https://mirror.xyz/0x427C751847f522F72F401E87eB04D6cAB65F4379/4H6OtFk3sPW8Cy-C1yTN_Jsv_ktMV8tvlzuF0lLLtHc,,,,,,,,,,,,,,,,
Coinbase创始人：我更期待Crypto的下一个十年,https://mirror.xyz/0x0254D4B010923148946B623d270F3d8e9b9AA9cf/EW2YqZ13A64sXGgv7VugY6Difc20cwcghjY0DPa4los,,,,,,,,,,,,,,,,
Test,https://mirror.xyz/0x55cA1AAb0e3C37B7647e52381c1D8a1A29319795/4itkBuOK9CghFfqBVi1i26zEQVW2TcNOSEQEZvc6zmM,,,,,,,,,,,,,,,,
人生自古谁无死，留取丹青照汗青,https://mirror.xyz/0x8695dC1AB1562027327cd66e6E17622dF9944b47/W3xcDK7lGFoxuzmBuvdV9tdGLXf4ezoBOOwYpQaD9YY,,,,,,,,,,,,,,,,
A good day,https://mirror.xyz/0x4B862d177aAe9b26EE742E58eE2C8D5e5531d7d6/1o22UY1yN0x8Ek37Ur2kQWPgnxOhcTbQXzj0FiAz0b0,,,,,,,,,,,,,,,,
"如何成为 DAO 工作者并获取报酬 
",https://mirror.xyz/0x5Ee9b86f3d4C48bB5C72927e1e051466d5b0a41a/41hlVDoI8xQbGYRF_ddaNIdbR6yPCuwuRW90SYptwZ4,,,,,,,,,,,,,,,,
梯子使用指南,https://mirror.xyz/0x936b63a011F9b7Cc9c3470e408f8e62B9fDBA841/FxQcS9fiLU-v2SntvvGPhznk-J4juriw43hID_evZIU,,,,,,,,,,,,,,,,
熟悉的江卓尔又来了。PlanB从神到人结果就在这几天出现。思进狂吠蚍蜉撼树。有人教凉兮赚钱。,https://mirror.xyz/0xf71f01CF0886AA99844968E35091516c06Cc2329/EfqdKez7cMXko1Im6xhTCEqP5RVjUnS9iFISAZfeXwQ,,,,,,,,,,,,,,,,
Introduction to RECT.ART - TopBidder - Medium,https://mirror.xyz/0x8888888888646B186b3b7cDc989411E8CD5A2bA2/SUKJV3h9XkX1MflZr4dLimwnTDN112d8iOKoAh6BAO4,,,,,,,,,,,,,,,,
Hello、,https://mirror.xyz/0x3aE16500caBda64feC8e90ba75Db6C528dedA6A8/C-_mLMse718ezUFusHNqzpHmp2V_ZM0dhvXXN_P0y9U,,,,,,,,,,,,,,,,
红楼梦36,https://mirror.xyz/0x0eE85D988184BFcDD0E7e283bc6BaB5D05441DC9/_YH7WKyF_kq3YC-RuIR79rpLFVRbsVsJv0RHnPKVAho,,,,,,,,,,,,,,,,
"2022第一季度必须是GameFi爆发,附61个项目评估",https://mirror.xyz/0xd7004E4E5D8A2fe3e30144f7Bb3505c648780090/JLN9q-UnFJ-3SjEs4M7JValjnhA5dRy3sml9O5dwRlw,,,,,,,,,,,,,,,,
修总的分享,https://mirror.xyz/0xcF0522e81dADb34EC99AdbeBA4D2D1CAE1792120/hDro3Zn1GS2eWD8W9LIb7YmbhoCjbkZjU26OoeBwQfo,,,,,,,,,,,,,,,,
My First Entries,https://mirror.xyz/0xd271BE28C1B2b792c755380fF89Fcd9b15c946a4/S4QWupeXP0dp01o5Pg2b8NQxIwWVAfdNQsmMgLtxQwo,,,,,,,,,,,,,,,,
秘鲁央行或将推出CBDC，以应对本国通货膨胀,https://mirror.xyz/0x0D57D1169E881c80dD2bF1E95A95612c7AdF9Ab8/MTz8C9P3FbVJVSq0JSzKCIKdJqOmMe-erXnB-Fps8N8,,,,,,,,,,,,,,,,
Day Nine: Trust in Rust,https://mirror.xyz/0xf164161838b3b1DD8DBA320611d2a8ab993a56d7/l7iS-22IAQdriaOSjauFiJdRf6vS_HCET7jzfcBiN1o,,,,,,,,,,,,,,,,
On Sustainable Energy,https://mirror.xyz/0x01a68407BB0C965C218c944036C5dAAf7A224eBf/Aq_SPheQ8Yqvt0FNJfDCoXMMmvjgfg6DnZpbe3NCWjM,,,,,,,,,,,,,,,,
红楼梦35,https://mirror.xyz/0x7A11885361986205e5374D531a20D5B02F54e54e/EI7-cr8WV8Cu0ayDKcx1fhExJ9F8FssugcflHp0zqDI,,,,,,,,,,,,,,,,
我的前景分析,https://mirror.xyz/0xD45c8fFA20A0B2c5204eD356C9983594d330fA6A/-o5-L9h2EVFXsy90vlWhYQfyWen-T9lCwypeFfwj65s,,,,,,,,,,,,,,,,
NFT二层网络IMX研究报告,https://mirror.xyz/0x4631e0eCda7a39ba951f297c65C1A6E680dc94c4/R58EYNqxWCtW7kBkZnLW5eB7wNmqXqeRdCwtQbenB2M,,,,,,,,,,,,,,,,
Fragmints,https://mirror.xyz/0xd3fe896B1aBf58e339280AB1D01f5219f5F3dF67/0GVnKU8aRIjZvyRKRMowLxjcD7X_2p9wp1wRVLrPDPM,,,,,,,,,,,,,,,,
"MUDVERSE, MUD the World",https://mirror.xyz/0xA03f43BbB2B414eAD7C7824D108fb3421eE73d04/NXbWb9gVIvJNQLO8ykGNwjeYvB8knRSPlbzDOIUqr80,,,,,,,,,,,,,,,,
$NUM ，终于上线了,https://mirror.xyz/0xf0AdeCCef142cAd8131AFD46a559956cb5a62c89/JTulD3OltJYuS6hPdFYQLC0pJRdF5tSrl3FSucUe748,,,,,,,,,,,,,,,,
Injective开启1.2亿美元的激励计划，DEX卷起来！,https://mirror.xyz/0xE80bdD0451Cc326c7dfe802b43daE203Ea7E0f60/Vh7EBsb1gZiVRVHKQDrFOQtxn6A-w9faIxNCUP_A9mM,,,,,,,,,,,,,,,,
Building a Value System,https://mirror.xyz/0x96289CB2986C6D781006B0dcE36B143b21Ab8fE3/z_kQIitEH7aqBvSiF1s_FV2uuVDrRAME9GkQJlgVjpg,,,,,,,,,,,,,,,,
红楼梦30,https://mirror.xyz/0x63290D1CBBe685e96B75b5b75bbdB1F3d8A2b29b/wZ0Vwivk-yDVl60GBHezjG9HUAyHdWruYG2YhIK08_g,,,,,,,,,,,,,,,,
Why are you in crypto?,https://mirror.xyz/0x3c6f739fC6153446eC6Ca71bc483cAF1F59dC70a/Udg9n1i-ZejZ7dQLrShEE1_e6fBgSL3Rr8sNZx6CXq0,,,,,,,,,,,,,,,,
浅谈前沿科技、致幻体验和聊天城市,https://mirror.xyz/0x6902E5CAf41158d3eD516cBd6D2807BB63863F42/zF1lx3NL2NCifALqer6SlME293eUDICig_skGLjXpFg,,,,,,,,,,,,,,,,
红楼梦28,https://mirror.xyz/0x70418a3Dd5704E282Dc0dBE44E02Bf7701A299F3/SqSI8_ZFN8s0rIo0CGsyPPvGCrpMys0aboGKP-SHKoA,,,,,,,,,,,,,,,,
test,https://mirror.xyz/0xbE694be8e812ae1a99443b32041142C36597A772/gRDT0PZiCZvC7offpbbmbP3NsP7f3YuB-YiPZHU1clU,,,,,,,,,,,,,,,,
Testing,https://mirror.xyz/0xED7976DCdf4E2cfac6FBB506b224bF18D9628DeE/9lmmhsozxFCcbkiymgGvJQogzXDOOY8bn1y2eTwXa_g,,,,,,,,,,,,,,,,
Jetbrains系列产品重置试用方法,https://mirror.xyz/0x7FC5d03e4813b1fD83bc8ba1D64C7EAd6f1543FC/KnmsgaeuK3GEJX4BA6D0P0ead6DmNNJXx6-u13NxUv4,,,,,,,,,,,,,,,,
"The inconsequentiality of the crypto world. 
",https://mirror.xyz/0xc517D11676cdBA59751CB2544d478de7E6C25a0c/ZMyfO344BNMD2DSSAJdpXjThbpM5B-8Kr__YtexCFh8,,,,,,,,,,,,,,,,
红楼梦29,https://mirror.xyz/0xD5FE3c6daEe16df5e6064788778FA9554C81A7d8/IpYIUHVHbifV9VqSkPN7dc9pM670GLn0YwAaWmKeuFM,,,,,,,,,,,,,,,,
bitebi,https://mirror.xyz/0xca43e41AB00E53B7685C8062d1651727013ebD97/YqVLh66_DXue4S4JVoFz16wZt3_LDvWkVAu83BeYAZM,,,,,,,,,,,,,,,,
红楼梦27,https://mirror.xyz/0xF1ef22C87e37759Ff671FAEcF40c33C0fd6D5B35/F_1-usCEAqgwvjMGnBG-EEBtrgN_rujIzVF_jxgrTgQ,,,,,,,,,,,,,,,,
学习好全会精神 做好社区纪检工作,https://mirror.xyz/0x6D85f1b7fE6477Cec2bAF871d72e3504100Cd6df/iVJnepWIazc2UxMuzu0s23Bh_pyyaNTYcawXRkwq18s,,,,,,,,,,,,,,,,
Introducing The DAOlliance,https://mirror.xyz/0x5F77f7989735EA33063e2Ff3791466129aAC2603/hYtzIHbDrwv48fYScjyV-o2Io8xv1leUJNNMZNbJ0sY,,,,,,,,,,,,,,,,
元宇宙的价值属性,https://mirror.xyz/0x356b42c06edc17c0162Fe6a75F381E518229ED49/4wNfqhfm9peiVmjqDYNBqDgredLMiv_rDSfiSS9--hQ,,,,,,,,,,,,,,,,
红楼梦26,https://mirror.xyz/0x2896F1779a99aaBa370A285FDD16ADE77Ddf6b45/4zSeOmgy3S__yine-X70cBMe2Qady4J65FBw5w82EOk,,,,,,,,,,,,,,,,
